"sura_id","aya_id","count"
2,25,"77"
1,6,"76"
2,143,"76"
8,1,"76"
2,30,"76"
2,187,"75"
2,45,"75"
2,31,"75"
5,3,"75"
8,11,"75"
2,22,"75"
24,31,"75"
1,4,"75"
5,5,"75"
42,23,"75"
1,2,"75"
1,5,"75"
2,260,"75"
5,67,"75"
2,46,"75"
1,7,"75"
2,61,"75"
9,3,"75"
2,37,"75"
4,43,"74"
4,1,"74"
2,71,"74"
2,55,"74"
2,144,"74"
2,125,"74"
2,54,"74"
5,6,"74"
2,196,"74"
2,273,"74"
2,124,"74"
2,15,"74"
2,256,"74"
2,197,"74"
2,222,"74"
2,177,"74"
2,2,"74"
6,151,"74"
2,35,"74"
2,40,"74"
2,185,"74"
19,96,"74"
5,2,"74"
2,255,"74"
2,1,"74"
2,186,"74"
3,61,"73"
2,189,"73"
4,59,"73"
2,201,"73"
2,198,"73"
2,78,"73"
15,75,"73"
2,68,"73"
31,19,"73"
2,10,"73"
20,111,"73"
7,46,"73"
8,29,"73"
41,30,"73"
2,275,"73"
9,60,"73"
2,223,"73"
32,16,"73"
2,269,"73"
48,29,"73"
22,27,"73"
5,1,"73"
2,33,"73"
4,103,"73"
2,235,"73"
2,286,"73"
11,17,"73"
4,36,"73"
22,36,"73"
2,249,"73"
3,96,"73"
2,7,"73"
2,184,"73"
4,34,"73"
2,3,"73"
25,63,"73"
2,26,"73"
8,2,"73"
2,28,"73"
24,2,"73"
2,19,"73"
2,81,"73"
24,33,"73"
2,158,"73"
8,24,"72"
2,34,"72"
2,257,"72"
62,9,"72"
62,11,"72"
108,3,"72"
2,60,"72"
2,267,"72"
20,7,"72"
2,229,"72"
24,32,"72"
4,9,"72"
4,3,"72"
2,62,"72"
7,156,"72"
2,159,"72"
7,169,"72"
48,26,"72"
3,97,"72"
45,28,"72"
2,246,"72"
12,18,"72"
2,217,"72"
2,285,"72"
35,32,"72"
2,9,"72"
2,207,"72"
42,13,"72"
2,106,"72"
7,176,"72"
18,28,"72"
2,58,"72"
2,281,"72"
29,2,"72"
25,65,"72"
2,142,"72"
2,69,"72"
21,87,"72"
3,79,"72"
20,40,"72"
2,173,"72"
3,7,"72"
17,13,"72"
4,5,"72"
2,195,"72"
24,22,"72"
43,31,"72"
24,30,"72"
4,94,"72"
3,14,"72"
9,34,"72"
2,199,"72"
4,171,"72"
11,82,"72"
2,36,"72"
108,1,"72"
33,6,"72"
53,1,"72"
2,264,"72"
49,14,"72"
6,98,"72"
2,282,"72"
11,86,"72"
3,102,"72"
46,15,"72"
6,52,"72"
49,7,"72"
43,55,"72"
49,13,"72"
56,75,"72"
7,180,"72"
14,37,"72"
2,17,"72"
1,3,"72"
14,28,"72"
3,103,"72"
2,128,"72"
13,29,"72"
24,26,"72"
2,183,"72"
19,26,"72"
60,10,"72"
114,4,"72"
2,276,"72"
2,57,"72"
7,43,"72"
24,35,"72"
2,44,"72"
20,108,"72"
2,138,"72"
45,23,"72"
2,11,"72"
9,28,"72"
15,87,"72"
4,19,"72"
3,188,"72"
6,54,"72"
38,24,"72"
49,9,"72"
2,96,"72"
34,46,"72"
2,79,"72"
2,63,"72"
2,219,"72"
18,9,"72"
13,11,"72"
2,8,"71"
2,231,"71"
11,78,"71"
22,52,"71"
17,78,"71"
57,28,"71"
100,6,"71"
2,127,"71"
48,18,"71"
45,18,"71"
18,82,"71"
2,6,"71"
18,46,"71"
50,1,"71"
18,18,"71"
9,12,"71"
33,33,"71"
7,2,"71"
46,9,"71"
6,75,"71"
6,153,"71"
2,175,"71"
6,141,"71"
2,48,"71"
2,164,"71"
4,128,"71"
2,14,"71"
48,25,"71"
10,26,"71"
2,65,"71"
7,137,"71"
12,106,"71"
4,83,"71"
52,21,"71"
42,52,"71"
2,165,"71"
7,199,"71"
2,266,"71"
2,74,"71"
5,4,"71"
38,36,"71"
3,154,"71"
9,41,"71"
22,29,"71"
55,72,"71"
11,114,"71"
54,1,"71"
2,248,"71"
2,20,"71"
9,16,"71"
113,1,"71"
22,28,"71"
7,22,"71"
4,17,"71"
53,9,"71"
3,180,"71"
2,166,"71"
3,28,"71"
2,283,"71"
34,13,"71"
38,1,"71"
41,10,"71"
13,8,"71"
40,15,"71"
33,4,"71"
16,67,"71"
2,93,"71"
59,7,"71"
6,125,"71"
11,23,"71"
9,31,"71"
7,143,"71"
3,41,"71"
5,89,"71"
19,13,"71"
113,3,"71"
36,55,"71"
27,60,"71"
2,59,"71"
19,97,"71"
22,25,"71"
4,31,"71"
2,87,"71"
4,2,"71"
2,29,"71"
83,14,"71"
32,27,"71"
107,7,"71"
11,5,"71"
15,47,"71"
73,6,"71"
14,27,"71"
6,158,"71"
18,109,"71"
73,1,"71"
4,51,"71"
51,17,"71"
11,69,"71"
3,35,"71"
6,94,"71"
40,60,"71"
5,90,"71"
7,172,"71"
5,48,"71"
10,2,"71"
70,19,"71"
2,18,"71"
17,71,"71"
2,228,"71"
19,5,"71"
26,227,"71"
53,32,"71"
44,10,"71"
8,17,"71"
4,119,"71"
7,29,"71"
2,200,"71"
18,17,"71"
7,40,"71"
11,81,"71"
2,24,"71"
17,23,"71"
74,1,"71"
3,37,"71"
43,36,"71"
2,220,"71"
9,2,"71"
1,1,"71"
14,43,"71"
21,105,"71"
4,24,"71"
13,12,"71"
17,110,"71"
2,265,"71"
4,49,"71"
3,200,"71"
20,18,"71"
8,30,"71"
2,102,"71"
11,70,"71"
25,72,"71"
2,208,"71"
17,36,"71"
3,92,"71"
22,34,"71"
36,1,"71"
40,51,"71"
112,2,"71"
4,6,"71"
68,1,"71"
56,89,"71"
6,93,"71"
2,16,"71"
31,14,"71"
2,204,"71"
5,13,"71"
5,35,"71"
43,13,"71"
6,124,"71"
5,41,"71"
5,33,"71"
89,3,"71"
32,5,"71"
3,146,"71"
12,31,"71"
17,57,"71"
2,203,"71"
3,39,"71"
91,9,"71"
93,2,"71"
2,5,"71"
9,1,"71"
6,96,"71"
2,232,"71"
89,2,"71"
59,9,"71"
14,24,"71"
8,46,"71"
60,1,"71"
2,259,"71"
16,72,"71"
2,268,"71"
20,124,"71"
18,77,"71"
17,85,"71"
2,224,"71"
2,23,"71"
15,72,"71"
20,106,"71"
18,19,"71"
13,13,"71"
8,9,"71"
6,9,"71"
19,23,"71"
6,76,"71"
9,117,"71"
2,238,"71"
57,16,"71"
11,74,"71"
17,16,"71"
31,6,"71"
8,48,"71"
40,4,"70"
2,13,"70"
70,4,"70"
13,7,"70"
4,47,"70"
4,123,"70"
55,20,"70"
92,6,"70"
9,37,"70"
6,14,"70"
9,114,"70"
39,9,"70"
6,108,"70"
69,1,"70"
39,56,"70"
2,233,"70"
11,27,"70"
12,12,"70"
9,81,"70"
4,129,"70"
3,40,"70"
79,16,"70"
66,8,"70"
49,11,"70"
17,81,"70"
12,20,"70"
4,65,"70"
3,13,"70"
7,175,"70"
18,6,"70"
6,19,"70"
2,104,"70"
2,42,"70"
6,112,"70"
49,6,"70"
17,35,"70"
2,66,"70"
18,31,"70"
98,1,"70"
2,216,"70"
36,52,"70"
26,219,"70"
16,16,"70"
17,7,"70"
12,86,"70"
106,1,"70"
2,21,"70"
39,45,"70"
51,7,"70"
12,23,"70"
3,179,"70"
23,12,"70"
6,38,"70"
2,253,"70"
52,1,"70"
14,26,"70"
2,237,"70"
16,97,"70"
8,61,"70"
41,22,"70"
7,58,"70"
52,4,"70"
87,14,"70"
6,70,"70"
3,64,"70"
18,79,"70"
17,25,"70"
90,11,"70"
27,88,"70"
4,88,"70"
7,11,"70"
2,258,"70"
36,9,"70"
8,42,"70"
3,186,"70"
11,15,"70"
78,38,"70"
86,11,"70"
103,2,"70"
7,150,"70"
7,31,"70"
43,28,"70"
37,103,"70"
15,26,"70"
6,61,"70"
28,29,"70"
22,31,"70"
22,19,"70"
5,103,"70"
19,85,"70"
6,71,"70"
18,110,"70"
11,113,"70"
56,30,"70"
59,23,"70"
11,83,"70"
5,32,"70"
47,15,"70"
90,2,"70"
3,159,"70"
39,8,"70"
19,7,"70"
99,6,"70"
2,50,"70"
103,1,"70"
94,7,"70"
20,1,"70"
6,65,"70"
3,83,"70"
9,102,"70"
95,1,"70"
39,53,"70"
43,57,"70"
27,10,"70"
8,19,"70"
38,44,"70"
9,128,"70"
5,55,"70"
49,3,"70"
42,11,"70"
22,5,"70"
2,225,"70"
15,22,"70"
2,212,"70"
7,182,"70"
3,144,"70"
55,19,"70"
4,101,"70"
22,26,"70"
2,88,"70"
2,234,"70"
51,56,"70"
4,40,"70"
31,34,"70"
108,2,"70"
2,115,"70"
2,179,"70"
17,3,"70"
8,41,"70"
4,22,"70"
2,280,"70"
10,25,"70"
36,78,"70"
110,1,"70"
11,3,"70"
35,10,"70"
22,2,"70"
11,7,"70"
19,46,"70"
18,21,"70"
73,8,"70"
23,14,"70"
67,15,"70"
24,63,"70"
2,178,"70"
43,71,"70"
44,24,"70"
16,120,"70"
32,21,"70"
21,78,"70"
6,60,"70"
12,42,"70"
9,118,"70"
31,20,"70"
16,68,"70"
23,71,"70"
20,82,"70"
12,80,"70"
66,4,"70"
23,2,"70"
7,17,"70"
2,72,"70"
36,68,"70"
23,53,"70"
20,114,"70"
21,37,"70"
2,85,"70"
97,4,"70"
6,28,"70"
53,3,"70"
12,36,"70"
77,1,"70"
99,7,"70"
56,73,"70"
46,35,"70"
3,191,"70"
4,77,"70"
33,53,"70"
2,49,"70"
7,27,"70"
3,152,"70"
104,1,"70"
114,5,"70"
4,23,"70"
2,221,"70"
10,24,"70"
20,39,"70"
95,4,"70"
43,15,"70"
48,1,"70"
2,41,"70"
20,12,"70"
17,64,"70"
12,88,"70"
4,174,"70"
2,148,"70"
53,48,"70"
6,105,"70"
19,76,"70"
21,72,"70"
2,27,"70"
57,27,"70"
6,152,"70"
36,12,"70"
8,60,"70"
43,81,"70"
33,23,"70"
4,100,"70"
22,45,"70"
88,5,"70"
7,145,"70"
11,41,"70"
30,41,"70"
7,187,"70"
39,29,"70"
3,106,"70"
7,148,"70"
19,52,"70"
57,12,"70"
8,7,"70"
2,226,"70"
112,1,"70"
97,1,"70"
29,56,"70"
38,3,"70"
12,100,"70"
10,10,"70"
41,44,"70"
6,25,"70"
15,94,"70"
19,71,"70"
11,40,"70"
52,5,"70"
39,33,"70"
2,213,"70"
48,2,"70"
13,4,"70"
37,143,"70"
49,2,"70"
3,195,"70"
5,87,"70"
5,27,"70"
90,4,"70"
41,34,"70"
38,20,"70"
4,102,"70"
27,40,"70"
22,78,"70"
17,8,"70"
11,1,"70"
34,37,"70"
83,26,"70"
34,10,"70"
18,29,"70"
52,23,"70"
3,113,"70"
65,1,"70"
93,3,"70"
6,44,"70"
25,23,"70"
29,17,"70"
17,37,"70"
4,125,"70"
112,4,"70"
6,95,"70"
41,5,"70"
2,284,"70"
7,26,"70"
13,43,"70"
30,30,"70"
24,3,"70"
5,44,"70"
2,76,"70"
5,54,"70"
34,23,"70"
11,77,"70"
5,111,"70"
9,36,"70"
44,3,"70"
61,14,"70"
49,12,"70"
39,68,"70"
9,67,"70"
48,4,"70"
8,25,"70"
91,10,"70"
75,22,"70"
2,210,"70"
13,31,"70"
49,1,"70"
18,24,"70"
9,40,"70"
41,17,"70"
2,80,"70"
12,85,"70"
4,8,"70"
30,39,"70"
20,42,"70"
2,132,"70"
2,236,"70"
11,80,"70"
21,7,"70"
53,11,"70"
18,51,"70"
7,189,"70"
51,21,"70"
87,1,"70"
37,107,"70"
2,274,"70"
93,9,"70"
9,58,"69"
7,205,"69"
9,25,"69"
11,107,"69"
8,75,"69"
6,36,"69"
34,11,"69"
14,5,"69"
9,73,"69"
23,100,"69"
9,74,"69"
15,2,"69"
9,108,"69"
38,58,"69"
16,52,"69"
28,23,"69"
83,1,"69"
40,11,"69"
23,74,"69"
16,69,"69"
39,67,"69"
29,3,"69"
58,11,"69"
4,4,"69"
14,35,"69"
20,130,"69"
2,245,"69"
46,21,"69"
13,28,"69"
6,82,"69"
5,82,"69"
7,56,"69"
5,42,"69"
6,69,"69"
2,67,"69"
2,51,"69"
4,95,"69"
21,30,"69"
51,1,"69"
81,15,"69"
5,83,"69"
13,15,"69"
84,6,"69"
53,8,"69"
35,37,"69"
24,11,"69"
3,161,"69"
6,35,"69"
5,20,"69"
3,193,"69"
50,21,"69"
4,54,"69"
9,79,"69"
5,63,"69"
19,32,"69"
20,10,"69"
18,65,"69"
16,81,"69"
28,30,"69"
21,51,"69"
86,12,"69"
15,19,"69"
38,2,"69"
18,8,"69"
73,7,"69"
4,29,"69"
27,89,"69"
56,9,"69"
19,1,"69"
7,201,"69"
11,46,"69"
12,6,"69"
57,22,"69"
11,109,"69"
20,115,"69"
114,6,"69"
2,97,"69"
16,2,"69"
9,122,"69"
24,1,"69"
89,27,"69"
34,52,"69"
40,19,"69"
52,6,"69"
40,10,"69"
28,10,"69"
55,56,"69"
18,81,"69"
2,193,"69"
38,42,"69"
38,46,"69"
95,2,"69"
89,1,"69"
32,7,"69"
85,3,"69"
3,11,"69"
7,142,"69"
2,239,"69"
8,33,"69"
36,8,"69"
100,1,"69"
3,55,"69"
16,8,"69"
11,88,"69"
7,54,"69"
21,104,"69"
9,103,"69"
6,57,"69"
5,56,"69"
12,52,"69"
28,85,"69"
20,112,"69"
12,30,"69"
5,64,"69"
13,6,"69"
3,18,"69"
6,121,"69"
2,89,"69"
2,129,"69"
2,180,"69"
5,110,"69"
57,23,"69"
47,1,"69"
3,135,"69"
17,80,"69"
30,7,"69"
24,27,"69"
4,105,"69"
9,38,"69"
4,93,"69"
7,57,"69"
19,47,"69"
22,40,"69"
22,11,"69"
19,8,"69"
17,111,"69"
2,75,"69"
74,4,"69"
4,78,"69"
65,2,"69"
52,48,"69"
51,22,"69"
62,3,"69"
6,159,"69"
60,12,"69"
14,22,"69"
4,21,"69"
41,25,"69"
16,53,"69"
21,103,"69"
5,21,"69"
11,84,"69"
18,47,"69"
24,37,"69"
21,96,"69"
21,69,"69"
9,29,"69"
46,4,"69"
37,22,"69"
17,44,"69"
19,31,"69"
37,102,"69"
5,116,"69"
9,8,"69"
5,23,"69"
2,205,"69"
31,27,"69"
2,251,"69"
14,25,"69"
56,1,"69"
7,8,"69"
37,1,"69"
72,1,"69"
53,2,"69"
2,90,"69"
110,2,"69"
12,87,"69"
109,1,"69"
31,18,"69"
6,26,"69"
38,41,"69"
38,25,"69"
94,4,"69"
25,74,"69"
23,72,"69"
38,6,"69"
92,7,"69"
50,16,"69"
42,41,"69"
37,142,"69"
12,24,"69"
36,22,"69"
17,11,"69"
78,31,"69"
3,27,"69"
4,135,"69"
13,39,"69"
81,7,"69"
40,7,"69"
13,2,"69"
41,39,"69"
29,45,"69"
33,37,"69"
31,12,"69"
2,73,"69"
34,12,"69"
28,24,"69"
6,1,"69"
7,53,"69"
47,35,"69"
24,61,"69"
99,2,"69"
9,55,"69"
40,16,"69"
4,12,"69"
6,92,"69"
25,77,"69"
92,4,"69"
9,126,"69"
4,46,"69"
7,32,"69"
20,27,"69"
4,117,"69"
3,153,"69"
19,62,"69"
23,64,"69"
12,19,"69"
17,100,"69"
86,1,"69"
3,33,"69"
43,33,"69"
19,29,"69"
39,73,"69"
9,19,"69"
5,12,"69"
17,1,"69"
10,12,"69"
13,41,"69"
19,98,"69"
7,134,"69"
92,11,"69"
15,99,"69"
17,60,"69"
45,21,"69"
19,4,"69"
12,26,"69"
43,70,"69"
33,7,"69"
39,3,"69"
9,18,"69"
16,126,"69"
6,91,"69"
14,7,"69"
20,107,"69"
74,2,"69"
30,4,"69"
6,99,"69"
111,1,"69"
53,37,"69"
14,16,"69"
98,5,"69"
56,8,"69"
2,47,"69"
19,6,"69"
4,33,"69"
15,16,"69"
2,12,"69"
2,191,"69"
25,67,"69"
3,112,"69"
17,34,"69"
53,18,"69"
3,187,"69"
11,89,"69"
13,36,"69"
38,35,"69"
11,101,"69"
35,34,"69"
18,107,"69"
18,53,"69"
72,16,"69"
2,32,"69"
3,173,"69"
3,45,"69"
39,6,"69"
6,2,"69"
9,100,"69"
18,14,"69"
41,26,"69"
55,46,"69"
83,27,"69"
6,120,"69"
16,48,"69"
16,83,"69"
17,79,"69"
40,3,"69"
11,8,"69"
5,15,"69"
7,1,"69"
6,160,"69"
3,169,"69"
25,62,"69"
3,49,"69"
18,50,"69"
10,58,"69"
99,4,"69"
55,17,"69"
7,167,"69"
50,37,"69"
4,35,"69"
34,39,"69"
18,55,"69"
9,119,"69"
11,91,"69"
10,4,"69"
103,3,"69"
31,32,"69"
11,108,"69"
2,137,"69"
17,70,"69"
25,53,"69"
74,31,"69"
24,39,"69"
37,47,"69"
2,53,"69"
12,94,"69"
11,75,"69"
7,48,"69"
9,46,"69"
17,12,"69"
2,135,"69"
28,46,"69"
93,10,"69"
17,33,"69"
17,74,"69"
76,7,"69"
88,11,"69"
51,6,"69"
84,19,"69"
55,22,"69"
2,247,"69"
19,16,"69"
19,25,"69"
12,110,"69"
33,31,"69"
4,79,"69"
2,171,"69"
34,3,"69"
65,3,"69"
93,8,"69"
54,17,"69"
38,17,"69"
16,90,"69"
16,15,"69"
40,18,"69"
47,38,"69"
3,198,"69"
13,17,"69"
4,141,"69"
10,30,"69"
6,146,"69"
16,62,"69"
16,71,"69"
12,21,"69"
2,271,"69"
6,53,"69"
21,11,"69"
24,40,"69"
11,73,"69"
5,45,"69"
51,9,"69"
44,4,"69"
6,142,"69"
97,5,"69"
18,103,"69"
23,1,"69"
17,101,"69"
8,16,"69"
90,10,"69"
28,76,"69"
6,127,"69"
5,109,"69"
20,15,"68"
76,2,"68"
25,68,"68"
27,61,"68"
50,36,"68"
72,3,"68"
3,2,"68"
3,110,"68"
4,85,"68"
36,39,"68"
24,29,"68"
59,5,"68"
4,56,"68"
19,24,"68"
5,96,"68"
22,1,"68"
50,10,"68"
88,2,"68"
56,55,"68"
56,15,"68"
6,145,"68"
66,5,"68"
2,155,"68"
63,1,"68"
51,59,"68"
78,2,"68"
9,87,"68"
77,5,"68"
77,2,"68"
73,20,"68"
35,1,"68"
6,46,"68"
13,33,"68"
15,18,"68"
3,93,"68"
4,63,"68"
3,15,"68"
2,152,"68"
32,17,"68"
76,1,"68"
18,7,"68"
6,161,"68"
7,85,"68"
21,102,"68"
6,41,"68"
36,40,"68"
25,45,"68"
20,81,"68"
2,82,"68"
4,127,"68"
81,13,"68"
48,10,"68"
45,29,"68"
35,28,"68"
86,7,"68"
56,88,"68"
21,3,"68"
11,120,"68"
15,79,"68"
31,15,"68"
6,122,"68"
21,80,"68"
41,49,"68"
53,22,"68"
18,80,"68"
17,45,"68"
4,157,"68"
16,14,"68"
48,9,"68"
18,22,"68"
30,17,"68"
23,51,"68"
5,75,"68"
2,94,"68"
81,8,"68"
6,6,"68"
18,69,"68"
32,13,"68"
28,78,"68"
20,22,"68"
2,121,"68"
2,4,"68"
51,5,"68"
7,165,"68"
22,20,"68"
18,104,"68"
5,101,"68"
57,3,"68"
21,42,"68"
3,90,"68"
27,49,"68"
17,75,"68"
43,53,"68"
37,11,"68"
19,83,"68"
18,44,"68"
10,64,"68"
16,9,"68"
9,51,"68"
19,77,"68"
91,8,"68"
25,70,"68"
4,148,"68"
79,25,"68"
75,17,"68"
39,36,"68"
38,34,"68"
57,20,"68"
10,89,"68"
4,172,"68"
9,83,"68"
7,69,"68"
4,104,"68"
3,123,"68"
3,125,"68"
2,243,"68"
2,194,"68"
10,7,"68"
21,35,"68"
47,17,"68"
84,17,"68"
59,2,"68"
2,108,"68"
4,108,"68"
33,35,"68"
17,83,"68"
75,14,"68"
12,25,"68"
5,31,"68"
7,188,"68"
7,131,"68"
5,29,"68"
11,99,"68"
33,52,"68"
2,190,"68"
38,16,"68"
5,66,"68"
52,13,"68"
3,60,"68"
42,7,"68"
3,138,"68"
47,18,"68"
3,73,"68"
19,30,"68"
11,92,"68"
6,119,"68"
2,154,"68"
23,106,"68"
14,9,"68"
56,43,"68"
107,2,"68"
32,18,"68"
43,44,"68"
17,76,"68"
11,90,"68"
17,46,"68"
2,230,"68"
53,14,"68"
17,5,"68"
3,176,"68"
81,17,"68"
71,7,"68"
52,2,"68"
27,19,"68"
18,58,"68"
93,4,"68"
38,32,"68"
11,44,"68"
36,51,"68"
47,4,"68"
21,101,"68"
27,7,"68"
34,33,"68"
99,5,"68"
56,4,"68"
5,71,"68"
16,125,"68"
3,140,"68"
5,22,"68"
44,29,"68"
28,11,"68"
36,38,"68"
4,58,"68"
46,24,"68"
9,47,"68"
65,4,"68"
22,15,"68"
37,48,"68"
102,1,"68"
2,272,"68"
27,90,"68"
80,20,"68"
29,46,"68"
43,32,"68"
36,69,"68"
2,116,"68"
81,16,"68"
38,26,"68"
11,6,"68"
17,93,"68"
18,66,"68"
47,11,"68"
54,19,"68"
11,87,"68"
93,11,"68"
19,73,"68"
22,30,"68"
9,111,"68"
7,41,"68"
51,4,"68"
21,71,"68"
28,15,"68"
23,67,"68"
41,12,"68"
12,4,"68"
68,3,"68"
3,46,"68"
3,128,"68"
42,24,"68"
43,59,"68"
18,108,"68"
15,90,"68"
33,51,"68"
19,27,"68"
9,123,"68"
6,62,"68"
26,214,"68"
11,106,"68"
3,54,"68"
104,2,"68"
5,30,"68"
46,29,"68"
6,20,"68"
12,33,"68"
22,24,"68"
4,28,"68"
9,112,"68"
3,81,"68"
3,77,"68"
8,35,"68"
95,5,"68"
7,168,"68"
53,4,"68"
2,279,"68"
4,32,"68"
12,70,"68"
56,79,"68"
2,214,"68"
34,28,"68"
19,28,"68"
2,130,"68"
3,52,"68"
21,98,"68"
39,42,"68"
28,12,"68"
45,24,"68"
53,57,"68"
11,18,"68"
73,4,"68"
84,16,"68"
93,6,"68"
92,5,"68"
23,17,"68"
104,3,"68"
90,1,"68"
87,6,"68"
17,72,"68"
32,24,"68"
4,113,"68"
10,71,"68"
18,73,"68"
4,25,"68"
109,2,"68"
4,69,"68"
37,10,"68"
9,109,"68"
11,54,"68"
3,44,"68"
37,2,"68"
38,23,"68"
4,86,"68"
12,51,"68"
16,5,"68"
7,38,"68"
87,7,"68"
8,72,"68"
15,91,"68"
47,6,"68"
5,107,"68"
4,114,"68"
10,3,"68"
4,90,"68"
39,23,"68"
6,73,"68"
2,117,"68"
2,118,"68"
40,1,"68"
8,37,"68"
28,4,"68"
5,11,"68"
8,15,"68"
28,18,"68"
41,35,"68"
22,23,"68"
56,3,"68"
33,50,"68"
19,39,"68"
99,3,"68"
87,18,"68"
23,101,"68"
4,98,"68"
47,19,"68"
49,17,"68"
54,13,"68"
92,8,"68"
2,84,"68"
94,3,"68"
16,7,"68"
83,18,"68"
18,60,"68"
33,13,"68"
3,36,"68"
38,39,"68"
7,18,"68"
28,88,"68"
9,92,"68"
18,74,"68"
19,74,"68"
7,163,"68"
4,159,"68"
19,59,"68"
43,61,"68"
7,200,"68"
28,9,"68"
42,15,"68"
37,55,"68"
16,112,"68"
41,53,"68"
77,4,"68"
7,179,"68"
7,149,"68"
38,15,"68"
10,92,"68"
93,1,"68"
50,35,"68"
21,79,"68"
10,94,"68"
29,60,"68"
11,43,"68"
5,34,"68"
11,29,"68"
11,119,"68"
6,109,"68"
9,17,"68"
8,43,"68"
39,75,"68"
12,17,"68"
27,62,"68"
66,6,"68"
47,25,"68"
51,2,"68"
36,26,"68"
4,41,"68"
2,250,"68"
23,50,"68"
14,15,"68"
23,20,"68"
29,4,"68"
12,84,"68"
2,182,"68"
17,62,"68"
6,162,"68"
15,85,"68"
12,65,"68"
43,4,"68"
28,17,"68"
85,4,"68"
3,196,"68"
24,36,"68"
74,56,"68"
56,82,"68"
33,72,"68"
55,11,"68"
12,53,"68"
10,98,"68"
25,61,"68"
7,33,"68"
3,43,"68"
57,13,"68"
28,57,"68"
77,6,"68"
13,14,"68"
3,72,"68"
59,6,"68"
6,8,"68"
6,77,"68"
17,51,"68"
10,88,"68"
40,28,"68"
6,7,"68"
17,59,"68"
17,92,"68"
88,6,"68"
14,48,"68"
18,64,"68"
2,114,"68"
47,13,"68"
3,194,"68"
2,109,"68"
50,30,"68"
9,5,"68"
7,102,"68"
12,108,"68"
6,90,"68"
23,60,"68"
79,1,"68"
10,15,"68"
20,131,"68"
2,278,"68"
35,27,"68"
39,74,"68"
7,133,"68"
4,10,"68"
26,3,"68"
29,41,"68"
3,31,"68"
6,101,"68"
25,54,"68"
53,12,"68"
73,5,"68"
93,7,"68"
22,9,"68"
27,52,"68"
2,170,"68"
88,17,"68"
35,12,"68"
19,72,"68"
4,7,"68"
2,43,"68"
2,126,"68"
7,204,"68"
41,16,"68"
26,224,"68"
100,3,"68"
24,21,"68"
16,47,"68"
111,2,"68"
4,153,"68"
34,14,"68"
90,16,"68"
84,2,"68"
29,1,"68"
57,25,"68"
51,3,"68"
95,6,"68"
106,4,"68"
112,3,"68"
20,44,"68"
44,16,"68"
105,3,"68"
11,20,"68"
12,45,"68"
41,33,"68"
17,26,"68"
4,48,"68"
94,2,"68"
13,10,"68"
23,44,"68"
6,40,"68"
5,95,"68"
12,35,"68"
6,100,"68"
42,30,"68"
20,123,"68"
6,138,"68"
3,199,"68"
87,3,"68"
17,68,"68"
56,17,"68"
56,37,"68"
39,69,"68"
11,37,"68"
21,18,"68"
9,104,"68"
4,18,"68"
77,3,"68"
3,42,"68"
7,95,"68"
9,61,"68"
19,12,"68"
4,11,"68"
27,47,"68"
2,218,"68"
5,105,"68"
81,1,"68"
9,106,"68"
18,61,"68"
17,14,"68"
88,3,"68"
43,86,"68"
18,52,"68"
27,25,"68"
78,36,"68"
17,69,"68"
15,24,"68"
72,18,"68"
50,9,"68"
58,22,"68"
37,3,"68"
17,29,"68"
51,19,"68"
52,30,"67"
56,5,"67"
27,39,"67"
6,137,"67"
7,140,"67"
2,156,"67"
56,13,"67"
20,87,"67"
87,13,"67"
95,3,"67"
18,49,"67"
18,86,"67"
61,5,"67"
22,55,"67"
31,22,"67"
62,2,"67"
81,2,"67"
50,45,"67"
3,172,"67"
83,15,"67"
3,139,"67"
56,95,"67"
43,89,"67"
51,13,"67"
36,56,"67"
2,254,"67"
19,86,"67"
18,26,"67"
18,59,"67"
22,18,"67"
17,102,"67"
53,40,"67"
4,15,"67"
51,8,"67"
9,49,"67"
2,168,"67"
78,1,"67"
106,2,"67"
4,66,"67"
58,7,"67"
27,6,"67"
15,80,"67"
18,93,"67"
16,1,"67"
10,90,"67"
37,164,"67"
11,61,"67"
11,100,"67"
55,39,"67"
80,30,"67"
15,98,"67"
70,1,"67"
56,33,"67"
10,53,"67"
56,71,"67"
52,3,"67"
24,15,"67"
16,6,"67"
89,5,"67"
79,10,"67"
24,60,"67"
9,70,"67"
55,29,"67"
14,49,"67"
5,16,"67"
18,34,"67"
63,7,"67"
36,2,"67"
51,10,"67"
42,2,"67"
15,9,"67"
37,6,"67"
100,4,"67"
15,17,"67"
59,8,"67"
80,6,"67"
3,26,"67"
55,60,"67"
47,33,"67"
20,58,"67"
56,19,"67"
3,122,"67"
35,21,"67"
43,41,"67"
3,1,"67"
57,1,"67"
25,24,"67"
4,37,"67"
13,3,"67"
43,58,"67"
68,11,"67"
6,39,"67"
14,17,"67"
29,29,"67"
7,89,"67"
20,96,"67"
7,20,"67"
9,75,"67"
89,7,"67"
7,28,"67"
20,63,"67"
2,136,"67"
42,25,"67"
75,1,"67"
37,12,"67"
28,34,"67"
21,19,"67"
42,1,"67"
74,39,"67"
8,6,"67"
20,72,"67"
6,45,"67"
101,1,"67"
85,2,"67"
65,12,"67"
99,1,"67"
79,4,"67"
8,12,"67"
28,5,"67"
6,115,"67"
86,4,"67"
29,48,"67"
6,143,"67"
7,152,"67"
52,49,"67"
13,22,"67"
18,96,"67"
9,84,"67"
7,138,"67"
78,33,"67"
39,71,"67"
6,50,"67"
74,38,"67"
37,106,"67"
19,64,"67"
21,1,"67"
72,22,"67"
43,2,"67"
36,29,"67"
28,20,"67"
20,14,"67"
4,42,"67"
3,88,"67"
9,107,"67"
41,37,"67"
9,98,"67"
6,114,"67"
38,31,"67"
6,113,"67"
16,32,"67"
10,87,"67"
57,29,"67"
7,21,"67"
20,113,"67"
8,26,"67"
43,35,"67"
2,56,"67"
3,4,"67"
21,15,"67"
3,117,"67"
12,22,"67"
4,81,"67"
39,30,"67"
4,55,"67"
17,28,"67"
8,66,"67"
78,6,"67"
47,20,"67"
6,154,"67"
69,17,"67"
50,5,"67"
16,37,"67"
19,58,"67"
39,10,"67"
8,5,"67"
75,8,"67"
94,1,"67"
40,37,"67"
2,91,"67"
7,16,"67"
19,3,"67"
37,5,"67"
25,20,"67"
18,78,"67"
18,68,"67"
6,33,"67"
47,22,"67"
2,103,"67"
41,54,"67"
29,5,"67"
64,11,"67"
3,143,"67"
50,40,"67"
47,2,"67"
3,68,"67"
8,53,"67"
19,67,"67"
5,94,"67"
13,16,"67"
36,13,"67"
83,25,"67"
25,1,"67"
20,50,"67"
19,22,"67"
12,77,"67"
6,12,"67"
35,35,"67"
16,10,"67"
20,54,"67"
84,14,"67"
36,67,"67"
22,3,"67"
20,69,"67"
33,10,"67"
59,10,"67"
2,157,"67"
28,56,"67"
50,18,"67"
78,34,"67"
28,32,"67"
84,18,"67"
6,83,"67"
6,87,"67"
34,1,"67"
37,146,"67"
36,14,"67"
67,3,"67"
78,23,"67"
46,20,"67"
9,91,"67"
73,2,"67"
11,72,"67"
57,14,"67"
99,8,"67"
27,91,"67"
32,30,"67"
86,9,"67"
9,124,"67"
90,6,"67"
33,26,"67"
5,106,"67"
36,43,"67"
15,3,"67"
29,64,"67"
19,11,"67"
19,78,"67"
5,38,"67"
43,77,"67"
43,79,"67"
29,69,"67"
43,67,"67"
23,113,"67"
12,37,"67"
92,1,"67"
7,86,"67"
49,4,"67"
16,21,"67"
11,42,"67"
11,24,"67"
8,39,"67"
4,75,"67"
23,96,"67"
2,172,"67"
16,103,"67"
17,73,"67"
36,66,"67"
34,45,"67"
27,37,"67"
18,42,"67"
9,30,"67"
4,145,"67"
5,14,"67"
9,72,"67"
91,1,"67"
69,18,"67"
7,78,"67"
26,89,"67"
23,55,"67"
10,61,"67"
7,203,"67"
7,155,"67"
56,18,"67"
56,86,"67"
44,17,"67"
11,116,"67"
7,55,"67"
6,110,"67"
55,9,"67"
41,24,"67"
12,10,"67"
86,3,"67"
52,9,"67"
2,206,"67"
2,188,"67"
80,17,"67"
35,45,"67"
18,12,"67"
92,3,"67"
37,67,"67"
57,10,"67"
102,8,"67"
20,59,"67"
10,93,"67"
7,73,"67"
21,47,"67"
77,8,"67"
16,26,"67"
27,21,"67"
80,31,"67"
83,9,"67"
2,227,"67"
34,16,"67"
2,134,"67"
55,12,"67"
23,52,"67"
3,34,"67"
3,71,"67"
39,22,"67"
5,117,"67"
29,21,"67"
36,72,"67"
9,82,"67"
16,89,"67"
8,67,"67"
61,4,"67"
18,40,"67"
20,86,"67"
36,70,"67"
39,21,"67"
90,3,"67"
51,29,"67"
36,49,"67"
44,18,"67"
4,176,"67"
23,76,"67"
21,90,"67"
39,17,"67"
7,160,"67"
7,128,"67"
75,23,"67"
79,2,"67"
38,33,"67"
50,22,"67"
25,28,"67"
5,97,"67"
2,202,"67"
27,16,"67"
58,12,"67"
18,62,"67"
18,45,"67"
21,43,"67"
88,4,"67"
47,30,"67"
78,3,"67"
27,82,"67"
16,127,"67"
15,27,"67"
35,13,"67"
12,111,"67"
53,19,"67"
87,5,"67"
5,114,"67"
27,29,"67"
68,42,"67"
50,6,"67"
50,15,"67"
36,30,"67"
7,157,"67"
3,87,"67"
28,25,"67"
18,10,"67"
53,17,"67"
15,14,"67"
37,9,"67"
11,118,"67"
55,54,"67"
2,261,"67"
19,17,"67"
6,67,"67"
36,11,"67"
6,89,"67"
2,140,"67"
37,89,"67"
27,18,"67"
23,66,"67"
83,36,"67"
78,26,"67"
12,40,"67"
39,7,"67"
69,11,"67"
33,59,"67"
75,29,"67"
20,2,"67"
3,86,"67"
21,10,"67"
3,8,"67"
68,13,"67"
22,37,"67"
11,56,"67"
9,21,"67"
7,83,"67"
16,44,"67"
37,84,"67"
30,18,"67"
42,51,"67"
94,8,"67"
9,57,"67"
88,25,"67"
8,27,"67"
17,97,"67"
28,51,"67"
23,3,"67"
36,42,"67"
10,39,"67"
37,177,"67"
18,1,"67"
41,40,"67"
18,23,"67"
5,28,"67"
16,75,"67"
9,43,"67"
45,14,"67"
47,14,"67"
23,97,"67"
69,2,"67"
96,18,"67"
101,4,"67"
30,54,"67"
12,8,"67"
82,5,"67"
6,10,"67"
18,15,"67"
29,10,"67"
9,6,"67"
75,27,"67"
27,34,"67"
15,40,"67"
53,53,"67"
10,27,"67"
51,41,"67"
36,7,"67"
12,32,"67"
3,118,"67"
109,6,"67"
7,144,"67"
7,130,"67"
6,129,"67"
6,13,"67"
60,4,"67"
31,13,"67"
4,97,"67"
9,90,"67"
16,66,"67"
2,262,"67"
76,8,"67"
17,15,"67"
18,11,"67"
9,13,"67"
12,72,"67"
68,4,"67"
5,93,"67"
9,86,"67"
107,5,"67"
27,44,"67"
25,22,"67"
14,34,"67"
9,24,"67"
27,11,"67"
22,33,"67"
40,12,"67"
3,3,"67"
7,117,"67"
100,2,"67"
27,31,"67"
9,42,"67"
7,99,"67"
32,8,"67"
11,52,"67"
53,56,"67"
14,50,"67"
6,116,"67"
4,27,"67"
113,4,"67"
7,96,"67"
74,30,"67"
80,28,"67"
18,41,"67"
17,104,"67"
18,2,"67"
8,64,"67"
7,171,"67"
33,5,"67"
79,7,"67"
50,19,"67"
42,32,"67"
12,92,"67"
56,65,"67"
81,26,"67"
17,106,"67"
2,83,"67"
3,67,"67"
9,110,"67"
98,8,"67"
62,5,"67"
44,32,"67"
67,2,"67"
90,15,"67"
53,49,"67"
36,18,"67"
36,62,"67"
44,47,"67"
9,80,"67"
10,22,"67"
28,7,"67"
23,27,"67"
28,68,"67"
27,83,"67"
50,8,"67"
6,165,"67"
8,65,"67"
17,84,"67"
37,165,"67"
40,5,"67"
47,3,"67"
56,10,"67"
3,181,"67"
17,90,"67"
4,71,"67"
74,8,"67"
6,5,"67"
27,22,"67"
7,4,"67"
42,5,"67"
33,56,"67"
30,43,"67"
75,11,"67"
50,32,"67"
6,17,"67"
35,11,"67"
83,24,"67"
6,68,"67"
43,26,"67"
58,1,"67"
21,84,"67"
38,63,"67"
5,37,"67"
96,17,"67"
39,49,"67"
50,14,"67"
3,19,"67"
4,13,"67"
18,101,"67"
38,45,"67"
31,16,"67"
50,11,"67"
22,73,"67"
25,73,"67"
59,19,"67"
68,48,"67"
87,9,"67"
85,1,"67"
28,22,"67"
76,21,"67"
58,8,"67"
42,28,"67"
88,22,"67"
9,4,"67"
31,33,"67"
36,58,"67"
7,202,"67"
17,107,"67"
80,15,"67"
17,4,"67"
6,42,"67"
12,44,"67"
6,123,"67"
22,39,"67"
32,29,"67"
75,7,"67"
18,16,"67"
9,113,"67"
66,1,"67"
35,19,"67"
51,24,"67"
56,46,"67"
29,49,"67"
27,87,"67"
48,27,"67"
7,146,"67"
4,62,"67"
36,27,"67"
7,181,"67"
12,76,"67"
20,61,"67"
39,5,"67"
41,19,"67"
17,31,"67"
6,31,"67"
57,4,"67"
17,6,"67"
79,11,"67"
50,38,"67"
53,34,"67"
14,31,"67"
6,104,"67"
32,11,"67"
90,17,"67"
6,147,"67"
56,6,"67"
6,59,"67"
22,32,"67"
9,33,"67"
12,15,"67"
7,92,"67"
4,92,"67"
9,101,"67"
19,82,"67"
55,70,"67"
15,95,"67"
19,10,"67"
6,34,"67"
12,38,"67"
2,150,"67"
3,75,"67"
89,14,"67"
90,14,"67"
24,5,"66"
67,30,"66"
53,20,"66"
61,2,"66"
91,2,"66"
52,44,"66"
74,6,"66"
78,13,"66"
18,97,"66"
10,96,"66"
11,102,"66"
10,13,"66"
10,101,"66"
78,14,"66"
26,225,"66"
25,27,"66"
10,100,"66"
56,58,"66"
49,8,"66"
84,23,"66"
7,14,"66"
40,46,"66"
21,88,"66"
19,9,"66"
6,111,"66"
25,75,"66"
7,12,"66"
28,48,"66"
6,18,"66"
17,20,"66"
4,64,"66"
30,10,"66"
56,28,"66"
30,31,"66"
55,10,"66"
2,270,"66"
37,144,"66"
23,99,"66"
38,11,"66"
16,128,"66"
81,19,"66"
31,28,"66"
17,67,"66"
8,32,"66"
7,97,"66"
34,24,"66"
4,121,"66"
12,27,"66"
69,12,"66"
93,5,"66"
10,16,"66"
14,1,"66"
3,130,"66"
10,108,"66"
26,218,"66"
44,58,"66"
35,20,"66"
52,47,"66"
78,25,"66"
25,48,"66"
3,53,"66"
17,58,"66"
5,7,"66"
23,54,"66"
6,148,"66"
77,32,"66"
55,66,"66"
53,23,"66"
8,50,"66"
57,15,"66"
67,19,"66"
3,133,"66"
54,54,"66"
16,99,"66"
81,4,"66"
36,37,"66"
2,133,"66"
38,13,"66"
83,7,"66"
56,66,"66"
80,21,"66"
12,28,"66"
4,80,"66"
7,100,"66"
3,175,"66"
11,66,"66"
36,6,"66"
16,4,"66"
53,16,"66"
49,5,"66"
36,41,"66"
79,6,"66"
86,8,"66"
2,92,"66"
31,2,"66"
26,212,"66"
13,27,"66"
38,5,"66"
9,99,"66"
53,55,"66"
23,6,"66"
70,43,"66"
47,21,"66"
2,167,"66"
96,1,"66"
33,1,"66"
68,9,"66"
36,77,"66"
3,101,"66"
76,10,"66"
10,9,"66"
2,131,"66"
55,15,"66"
76,5,"66"
41,31,"66"
24,6,"66"
40,55,"66"
23,5,"66"
16,102,"66"
10,14,"66"
22,51,"66"
113,5,"66"
28,77,"66"
3,141,"66"
21,107,"66"
57,21,"66"
4,112,"66"
82,6,"66"
4,91,"66"
3,17,"66"
26,193,"66"
11,71,"66"
48,16,"66"
34,51,"66"
40,56,"66"
4,89,"66"
6,97,"66"
2,211,"66"
33,69,"66"
16,124,"66"
9,59,"66"
75,5,"66"
33,70,"66"
74,35,"66"
52,27,"66"
16,70,"66"
43,56,"66"
23,9,"66"
4,107,"66"
33,43,"66"
76,16,"66"
21,28,"66"
19,2,"66"
90,20,"66"
90,13,"66"
17,19,"66"
48,11,"66"
7,111,"66"
2,100,"66"
39,65,"66"
21,31,"66"
8,18,"66"
23,104,"66"
16,76,"66"
70,37,"66"
16,121,"66"
4,20,"66"
42,12,"66"
28,26,"66"
59,14,"66"
19,61,"66"
73,9,"66"
27,48,"66"
80,1,"66"
23,61,"66"
23,115,"66"
3,20,"66"
46,26,"66"
28,55,"66"
56,25,"66"
88,15,"66"
12,47,"66"
15,39,"66"
55,48,"66"
75,34,"66"
33,38,"66"
81,14,"66"
51,20,"66"
63,4,"66"
37,7,"66"
6,128,"66"
23,13,"66"
9,66,"66"
13,30,"66"
36,36,"66"
22,54,"66"
2,52,"66"
7,129,"66"
102,7,"66"
7,94,"66"
75,15,"66"
55,24,"66"
9,10,"66"
52,24,"66"
3,165,"66"
13,21,"66"
53,5,"66"
36,59,"66"
64,14,"66"
12,41,"66"
43,84,"66"
92,14,"66"
14,18,"66"
75,33,"66"
32,15,"66"
10,99,"66"
12,69,"66"
82,19,"66"
69,19,"66"
54,11,"66"
33,30,"66"
19,34,"66"
20,100,"66"
18,43,"66"
10,1,"66"
7,116,"66"
12,48,"66"
19,21,"66"
89,23,"66"
76,6,"66"
11,28,"66"
9,20,"66"
3,185,"66"
2,161,"66"
2,38,"66"
10,11,"66"
7,50,"66"
51,16,"66"
20,6,"66"
10,78,"66"
8,47,"66"
57,11,"66"
8,34,"66"
41,51,"66"
21,65,"66"
2,160,"66"
3,192,"66"
19,33,"66"
81,24,"66"
3,178,"66"
100,5,"66"
75,2,"66"
3,78,"66"
40,6,"66"
46,3,"66"
43,18,"66"
45,13,"66"
16,110,"66"
7,51,"66"
39,28,"66"
87,16,"66"
8,23,"66"
11,67,"66"
75,9,"66"
77,26,"66"
33,18,"66"
34,49,"66"
107,4,"66"
12,68,"66"
10,106,"66"
4,57,"66"
25,18,"66"
101,2,"66"
79,14,"66"
20,132,"66"
34,2,"66"
20,9,"66"
65,6,"66"
18,33,"66"
5,18,"66"
3,16,"66"
58,2,"66"
37,88,"66"
39,43,"66"
56,29,"66"
92,2,"66"
5,25,"66"
55,4,"66"
70,20,"66"
23,91,"66"
3,121,"66"
16,58,"66"
26,119,"66"
13,19,"66"
4,136,"66"
47,24,"66"
22,21,"66"
42,16,"66"
18,90,"66"
18,63,"66"
14,36,"66"
30,9,"66"
27,42,"66"
3,156,"66"
38,22,"66"
11,105,"66"
48,21,"66"
27,66,"66"
56,7,"66"
23,11,"66"
12,91,"66"
27,17,"66"
12,50,"66"
47,16,"66"
23,117,"66"
7,23,"66"
24,43,"66"
12,64,"66"
37,24,"66"
101,9,"66"
18,105,"66"
67,1,"66"
8,13,"66"
10,51,"66"
9,69,"66"
3,164,"66"
87,2,"66"
66,12,"66"
53,7,"66"
17,109,"66"
51,54,"66"
14,42,"66"
20,29,"66"
61,8,"66"
43,52,"66"
27,72,"66"
9,88,"66"
38,43,"66"
5,92,"66"
12,66,"66"
24,62,"66"
21,95,"66"
20,128,"66"
58,3,"66"
2,101,"66"
2,169,"66"
7,6,"66"
6,37,"66"
10,5,"66"
36,65,"66"
27,45,"66"
9,26,"66"
74,5,"66"
10,32,"66"
68,49,"66"
23,29,"66"
5,52,"66"
41,47,"66"
56,61,"66"
24,4,"66"
6,30,"66"
36,19,"66"
30,2,"66"
21,83,"66"
28,28,"66"
53,10,"66"
18,56,"66"
4,137,"66"
78,24,"66"
42,20,"66"
4,44,"66"
29,40,"66"
34,26,"66"
74,3,"66"
88,16,"66"
7,64,"66"
49,10,"66"
16,36,"66"
2,209,"66"
3,160,"66"
12,81,"66"
37,94,"66"
39,18,"66"
19,57,"66"
45,37,"66"
3,85,"66"
15,76,"66"
38,57,"66"
102,5,"66"
17,47,"66"
5,74,"66"
4,142,"66"
33,9,"66"
16,123,"66"
23,57,"66"
12,29,"66"
51,57,"66"
33,60,"66"
6,139,"66"
47,37,"66"
2,98,"66"
15,78,"66"
37,83,"66"
5,118,"66"
16,119,"66"
11,103,"66"
27,93,"66"
5,26,"66"
56,83,"66"
46,17,"66"
19,38,"66"
23,63,"66"
11,79,"66"
37,130,"66"
11,2,"66"
77,25,"66"
34,31,"66"
41,11,"66"
38,71,"66"
80,38,"66"
2,145,"66"
53,13,"66"
5,80,"66"
38,69,"66"
56,31,"66"
79,29,"66"
29,43,"66"
6,103,"66"
26,149,"66"
5,39,"66"
70,21,"66"
85,14,"66"
15,20,"66"
3,197,"66"
16,92,"66"
107,6,"66"
7,37,"66"
30,28,"66"
17,9,"66"
110,3,"66"
29,57,"66"
11,76,"66"
27,41,"66"
69,7,"66"
6,23,"66"
12,49,"66"
6,64,"66"
7,183,"66"
7,71,"66"
104,4,"66"
33,8,"66"
5,62,"66"
13,5,"66"
33,19,"66"
81,6,"66"
82,8,"66"
109,3,"66"
36,82,"66"
8,57,"66"
20,85,"66"
71,14,"66"
9,35,"66"
78,35,"66"
5,8,"66"
15,97,"66"
51,50,"66"
68,16,"66"
37,141,"66"
18,30,"66"
46,10,"66"
15,7,"66"
9,120,"66"
76,13,"66"
11,49,"66"
100,8,"66"
96,15,"66"
77,30,"66"
28,82,"66"
86,13,"66"
37,145,"66"
113,2,"66"
83,34,"66"
27,28,"66"
40,43,"66"
3,167,"66"
8,63,"66"
3,89,"66"
6,157,"66"
2,263,"66"
40,2,"66"
51,47,"66"
39,63,"66"
19,69,"66"
20,103,"66"
10,35,"66"
18,70,"66"
37,166,"66"
7,190,"66"
2,163,"66"
64,9,"66"
23,108,"66"
36,20,"66"
3,84,"66"
26,22,"66"
10,109,"66"
25,13,"66"
7,93,"66"
2,139,"66"
60,11,"66"
54,14,"66"
89,4,"66"
30,15,"66"
18,37,"66"
17,40,"66"
6,79,"66"
78,16,"66"
35,22,"66"
2,215,"66"
55,37,"66"
19,68,"66"
50,29,"66"
19,41,"66"
35,2,"66"
57,19,"66"
88,1,"66"
9,7,"66"
38,10,"66"
6,136,"66"
51,18,"66"
19,90,"66"
55,44,"66"
33,57,"66"
70,22,"66"
16,43,"66"
8,58,"66"
42,17,"66"
34,5,"66"
12,59,"66"
68,51,"66"
8,8,"66"
105,4,"66"
20,77,"66"
8,10,"66"
27,59,"66"
16,59,"66"
6,132,"66"
18,94,"66"
20,119,"66"
28,8,"66"
80,25,"66"
51,12,"66"
55,7,"66"
7,185,"66"
54,49,"66"
59,18,"66"
34,34,"66"
4,139,"66"
9,44,"66"
18,76,"66"
9,93,"66"
76,28,"66"
3,91,"66"
34,17,"66"
80,23,"66"
56,36,"66"
3,155,"66"
6,149,"66"
76,15,"66"
20,97,"66"
26,18,"66"
27,80,"66"
54,53,"66"
16,91,"66"
10,105,"66"
76,17,"66"
16,100,"66"
6,126,"66"
25,43,"66"
48,12,"66"
86,10,"66"
8,73,"66"
57,7,"66"
55,2,"66"
16,80,"66"
77,33,"66"
12,101,"66"
14,23,"66"
44,42,"66"
37,49,"66"
3,147,"66"
28,79,"66"
36,57,"66"
3,80,"66"
21,27,"66"
3,30,"66"
30,27,"66"
75,36,"66"
2,112,"66"
23,56,"66"
68,25,"66"
53,6,"66"
4,118,"66"
79,3,"66"
22,72,"66"
12,54,"66"
15,48,"66"
2,174,"66"
41,4,"66"
53,15,"66"
68,2,"66"
25,55,"66"
13,38,"66"
15,54,"66"
14,3,"66"
79,30,"66"
54,2,"66"
36,21,"66"
48,8,"66"
5,91,"66"
3,59,"66"
7,13,"66"
63,8,"66"
7,7,"66"
82,4,"66"
60,7,"66"
37,140,"66"
58,10,"66"
8,22,"66"
21,29,"66"
91,11,"66"
47,31,"66"
20,21,"66"
25,7,"66"
3,127,"66"
53,61,"66"
55,33,"66"
23,41,"66"
20,5,"66"
22,47,"66"
101,5,"66"
36,71,"66"
10,62,"66"
5,119,"66"
7,127,"66"
25,4,"66"
111,4,"66"
91,3,"66"
18,71,"66"
26,4,"66"
22,46,"66"
4,155,"66"
9,48,"66"
62,10,"66"
41,41,"66"
18,99,"66"
16,77,"66"
11,38,"66"
30,46,"66"
82,1,"66"
6,3,"66"
82,7,"66"
4,60,"66"
16,106,"66"
26,84,"66"
42,34,"66"
7,139,"66"
50,31,"66"
26,7,"66"
10,28,"66"
64,16,"66"
58,19,"66"
23,10,"66"
12,1,"66"
65,7,"66"
15,15,"66"
7,105,"66"
29,26,"66"
55,64,"66"
20,104,"66"
30,3,"66"
54,8,"66"
23,110,"65"
2,153,"65"
53,38,"65"
17,66,"65"
6,32,"65"
7,107,"65"
20,13,"65"
84,4,"65"
89,20,"65"
20,117,"65"
7,79,"65"
81,3,"65"
11,65,"65"
11,98,"65"
67,22,"65"
41,29,"65"
20,110,"65"
50,24,"65"
18,88,"65"
4,134,"65"
38,4,"65"
16,96,"65"
84,9,"65"
79,8,"65"
4,146,"65"
24,58,"65"
18,13,"65"
12,58,"65"
88,13,"65"
96,4,"65"
37,8,"65"
79,20,"65"
24,10,"65"
41,9,"65"
12,98,"65"
22,38,"65"
37,75,"65"
15,46,"65"
37,163,"65"
11,36,"65"
109,4,"65"
18,48,"65"
74,34,"65"
56,62,"65"
69,44,"65"
69,5,"65"
26,1,"65"
18,98,"65"
55,35,"65"
43,22,"65"
20,36,"65"
54,52,"65"
41,2,"65"
9,54,"65"
20,129,"65"
7,42,"65"
55,76,"65"
4,156,"65"
37,125,"65"
27,23,"65"
20,45,"65"
8,62,"65"
30,48,"65"
11,48,"65"
34,18,"65"
19,79,"65"
21,5,"65"
19,65,"65"
97,3,"65"
5,24,"65"
12,39,"65"
31,31,"65"
11,112,"65"
51,58,"65"
33,58,"65"
21,58,"65"
56,87,"65"
45,9,"65"
76,3,"65"
56,35,"65"
64,2,"65"
4,109,"65"
4,131,"65"
25,19,"65"
89,9,"65"
7,118,"65"
55,6,"65"
9,63,"65"
114,3,"65"
72,27,"65"
7,82,"65"
72,28,"65"
104,9,"65"
5,88,"65"
17,24,"65"
16,88,"65"
12,46,"65"
3,12,"65"
36,3,"65"
15,92,"65"
7,44,"65"
101,7,"65"
4,163,"65"
6,66,"65"
9,129,"65"
36,25,"65"
36,28,"65"
3,145,"65"
13,35,"65"
20,80,"65"
15,42,"65"
11,31,"65"
8,4,"65"
42,33,"65"
33,24,"65"
14,52,"65"
7,164,"65"
82,3,"65"
17,2,"65"
3,136,"65"
74,52,"65"
17,52,"65"
18,54,"65"
16,101,"65"
72,19,"65"
18,32,"65"
56,70,"65"
68,6,"65"
22,41,"65"
33,55,"65"
77,35,"65"
40,78,"65"
18,5,"65"
25,21,"65"
4,84,"65"
38,62,"65"
40,13,"65"
11,93,"65"
25,64,"65"
19,93,"65"
42,45,"65"
37,20,"65"
80,11,"65"
41,23,"65"
96,7,"65"
2,77,"65"
60,5,"65"
75,16,"65"
33,21,"65"
96,5,"65"
42,39,"65"
15,49,"65"
75,13,"65"
38,52,"65"
41,8,"65"
33,45,"65"
65,11,"65"
20,89,"65"
32,12,"65"
51,39,"65"
73,12,"65"
25,5,"65"
12,3,"65"
21,33,"65"
25,3,"65"
37,57,"65"
7,101,"65"
19,50,"65"
56,85,"65"
5,69,"65"
79,5,"65"
54,31,"65"
21,74,"65"
21,12,"65"
55,41,"65"
28,61,"65"
4,82,"65"
41,6,"65"
2,241,"65"
12,89,"65"
2,192,"65"
85,15,"65"
23,8,"65"
56,22,"65"
27,30,"65"
3,47,"65"
3,142,"65"
12,102,"65"
7,158,"65"
26,101,"65"
25,30,"65"
22,8,"65"
79,18,"65"
47,26,"65"
9,65,"65"
43,80,"65"
50,42,"65"
33,28,"65"
4,124,"65"
2,181,"65"
5,112,"65"
56,77,"65"
5,113,"65"
9,115,"65"
32,14,"65"
15,41,"65"
74,50,"65"
6,88,"65"
18,67,"65"
26,94,"65"
7,195,"65"
10,23,"65"
65,10,"65"
33,36,"65"
51,15,"65"
10,85,"65"
7,154,"65"
67,4,"65"
7,68,"65"
77,48,"65"
78,40,"65"
3,21,"65"
3,38,"65"
26,14,"65"
6,55,"65"
114,1,"65"
12,62,"65"
50,41,"65"
92,21,"65"
8,68,"65"
69,51,"65"
3,137,"65"
53,42,"65"
2,70,"65"
18,84,"65"
67,8,"65"
11,35,"65"
28,27,"65"
37,70,"65"
21,109,"65"
17,91,"65"
35,33,"65"
3,99,"65"
20,94,"65"
4,16,"65"
12,82,"65"
43,19,"65"
92,15,"65"
57,6,"65"
30,60,"65"
94,5,"65"
50,39,"65"
44,15,"65"
2,240,"65"
55,14,"65"
11,45,"65"
74,22,"65"
2,146,"65"
6,133,"65"
27,20,"65"
25,49,"65"
15,10,"65"
3,94,"65"
87,17,"65"
16,78,"65"
12,107,"65"
18,27,"65"
67,12,"65"
33,48,"65"
8,69,"65"
56,91,"65"
8,49,"65"
107,1,"65"
37,161,"65"
34,19,"65"
37,172,"65"
21,44,"65"
4,61,"65"
27,1,"65"
42,47,"65"
23,18,"65"
20,17,"65"
69,20,"65"
9,52,"65"
18,39,"65"
7,25,"65"
33,46,"65"
26,20,"65"
48,20,"65"
9,76,"65"
67,11,"65"
28,14,"65"
6,43,"65"
19,42,"65"
40,80,"65"
30,19,"65"
3,29,"65"
15,8,"65"
19,89,"65"
27,33,"65"
54,12,"65"
22,74,"65"
21,85,"65"
45,19,"65"
4,111,"65"
34,7,"65"
52,26,"65"
5,47,"65"
41,1,"65"
13,25,"65"
37,18,"65"
39,2,"65"
76,11,"65"
6,135,"65"
51,14,"65"
29,13,"65"
72,13,"65"
7,30,"65"
3,6,"65"
15,21,"65"
21,48,"65"
23,93,"65"
6,51,"65"
42,14,"65"
16,13,"65"
4,68,"65"
3,66,"65"
11,22,"65"
14,14,"65"
36,83,"65"
9,64,"65"
12,93,"65"
79,13,"65"
38,37,"65"
92,10,"65"
28,6,"65"
20,95,"65"
29,12,"65"
20,109,"65"
11,47,"65"
10,42,"65"
26,13,"65"
56,42,"65"
68,10,"65"
11,50,"65"
4,74,"65"
114,2,"65"
80,22,"65"
20,3,"65"
44,11,"65"
36,45,"65"
6,16,"65"
69,46,"65"
13,26,"65"
6,27,"65"
24,38,"65"
42,37,"65"
39,38,"65"
85,22,"65"
21,32,"65"
3,22,"65"
61,6,"65"
12,7,"65"
40,81,"65"
67,27,"65"
21,93,"65"
96,19,"65"
37,56,"65"
26,23,"65"
12,96,"65"
7,114,"65"
51,55,"65"
33,40,"65"
3,115,"65"
75,18,"65"
10,54,"65"
81,11,"65"
20,99,"65"
30,50,"65"
3,65,"65"
40,85,"65"
51,26,"65"
17,18,"65"
106,3,"65"
11,9,"65"
10,67,"65"
50,33,"65"
20,53,"65"
27,35,"65"
37,105,"65"
28,71,"65"
63,5,"65"
28,42,"65"
28,54,"65"
15,88,"65"
5,73,"65"
83,6,"65"
47,8,"65"
95,7,"65"
21,112,"65"
71,26,"65"
3,183,"65"
7,10,"65"
20,88,"65"
20,51,"65"
79,24,"65"
31,3,"65"
91,4,"65"
38,84,"65"
44,54,"65"
21,22,"65"
11,55,"65"
72,17,"65"
41,48,"65"
38,64,"65"
83,3,"65"
71,13,"65"
19,54,"65"
72,4,"65"
43,16,"65"
46,6,"65"
50,7,"65"
7,52,"65"
48,28,"65"
22,13,"65"
36,75,"65"
7,24,"65"
5,46,"65"
26,111,"65"
2,95,"65"
29,27,"65"
26,148,"65"
34,20,"65"
48,17,"65"
77,11,"65"
4,133,"65"
10,34,"65"
21,50,"65"
86,17,"65"
20,105,"65"
9,125,"65"
98,7,"65"
44,20,"65"
52,37,"65"
9,77,"65"
43,69,"65"
5,59,"65"
76,9,"65"
21,17,"65"
10,83,"65"
9,9,"65"
6,72,"65"
6,4,"65"
10,49,"65"
16,18,"65"
37,45,"65"
60,13,"65"
34,54,"65"
7,47,"65"
55,78,"65"
36,23,"65"
18,25,"65"
4,53,"65"
22,58,"65"
34,36,"65"
80,7,"65"
55,31,"65"
38,75,"65"
24,41,"65"
17,49,"65"
38,21,"65"
2,151,"65"
43,5,"65"
20,93,"65"
23,4,"65"
13,23,"65"
20,16,"65"
18,95,"65"
7,184,"65"
91,6,"65"
96,6,"65"
50,34,"65"
33,49,"65"
56,2,"65"
14,19,"65"
38,7,"65"
15,12,"65"
11,16,"65"
7,9,"65"
22,67,"65"
46,13,"65"
80,26,"65"
14,21,"65"
20,41,"65"
92,12,"65"
26,128,"65"
14,46,"65"
34,35,"65"
3,9,"65"
20,47,"65"
100,7,"65"
39,1,"65"
59,22,"65"
55,5,"65"
3,171,"65"
16,79,"65"
5,19,"65"
11,19,"65"
84,8,"65"
23,75,"65"
38,38,"65"
26,184,"65"
23,62,"65"
6,58,"65"
43,45,"65"
16,41,"65"
81,18,"65"
7,77,"65"
28,83,"65"
65,8,"65"
83,29,"65"
68,44,"65"
22,56,"65"
23,7,"65"
26,56,"65"
18,20,"65"
41,7,"65"
42,38,"65"
7,108,"65"
16,111,"65"
43,88,"65"
75,4,"65"
21,34,"65"
25,8,"65"
48,24,"65"
89,29,"65"
41,3,"65"
43,12,"65"
5,49,"65"
7,74,"65"
33,22,"65"
16,28,"65"
83,23,"65"
26,198,"65"
45,17,"65"
45,34,"65"
12,90,"65"
10,36,"65"
69,45,"65"
20,43,"65"
56,81,"65"
7,39,"65"
2,147,"65"
17,53,"65"
51,49,"65"
6,163,"65"
5,115,"65"
4,140,"65"
101,6,"65"
5,78,"65"
19,80,"65"
5,68,"65"
24,23,"65"
32,10,"65"
44,13,"65"
42,21,"65"
19,49,"65"
37,62,"65"
7,62,"65"
7,84,"65"
3,24,"65"
83,28,"65"
84,3,"65"
5,36,"65"
28,80,"65"
16,24,"65"
30,12,"65"
10,45,"65"
16,38,"65"
22,75,"65"
39,61,"65"
27,8,"65"
55,3,"65"
74,51,"65"
38,59,"65"
23,116,"65"
82,9,"65"
10,82,"65"
30,1,"65"
23,89,"65"
19,56,"65"
25,12,"65"
86,15,"65"
100,9,"65"
12,67,"65"
16,122,"65"
27,36,"65"
15,52,"65"
86,16,"65"
43,8,"65"
4,115,"65"
9,71,"65"
6,164,"65"
33,14,"65"
60,8,"65"
20,92,"65"
29,8,"65"
22,62,"65"
80,2,"65"
19,87,"65"
69,6,"65"
66,10,"65"
10,31,"65"
12,83,"65"
16,84,"65"
2,119,"65"
5,77,"65"
60,2,"65"
11,12,"65"
38,67,"65"
47,7,"65"
20,121,"65"
5,51,"65"
44,12,"65"
4,67,"65"
16,98,"65"
6,131,"65"
48,15,"65"
80,5,"65"
70,13,"65"
6,130,"65"
16,23,"65"
91,15,"65"
109,5,"65"
14,30,"65"
13,24,"65"
2,111,"65"
53,59,"65"
38,12,"65"
22,35,"65"
44,28,"65"
4,162,"65"
96,2,"65"
30,14,"65"
84,1,"65"
89,19,"65"
37,99,"65"
2,64,"65"
41,36,"65"
76,18,"65"
3,134,"65"
50,17,"65"
7,124,"65"
4,120,"65"
21,81,"65"
36,80,"65"
25,59,"65"
82,13,"65"
28,75,"65"
12,56,"65"
3,163,"65"
31,17,"65"
12,63,"65"
81,12,"65"
81,29,"65"
73,14,"65"
52,45,"65"
39,31,"65"
18,91,"65"
20,98,"65"
83,4,"64"
75,24,"64"
6,48,"64"
25,25,"64"
13,42,"64"
20,28,"64"
51,23,"64"
43,38,"64"
45,26,"64"
13,37,"64"
13,18,"64"
87,15,"64"
14,6,"64"
48,6,"64"
46,5,"64"
3,170,"64"
34,9,"64"
20,38,"64"
39,47,"64"
42,18,"64"
37,40,"64"
21,8,"64"
69,4,"64"
70,16,"64"
20,46,"64"
4,158,"64"
40,57,"64"
86,6,"64"
26,64,"64"
7,159,"64"
19,37,"64"
27,24,"64"
51,48,"64"
52,38,"64"
39,15,"64"
111,3,"64"
25,17,"64"
73,17,"64"
104,7,"64"
29,58,"64"
83,35,"64"
37,139,"64"
38,61,"64"
20,33,"64"
3,157,"64"
44,41,"64"
21,2,"64"
69,14,"64"
14,4,"64"
28,19,"64"
70,15,"64"
27,65,"64"
33,25,"64"
38,19,"64"
58,21,"64"
66,3,"64"
28,58,"64"
44,45,"64"
12,99,"64"
28,66,"64"
29,36,"64"
47,27,"64"
30,44,"64"
40,8,"64"
80,40,"64"
27,32,"64"
12,60,"64"
29,14,"64"
15,60,"64"
44,37,"64"
29,6,"64"
78,9,"64"
9,97,"64"
25,2,"64"
16,116,"64"
89,10,"64"
72,14,"64"
42,3,"64"
58,14,"64"
56,14,"64"
50,12,"64"
15,13,"64"
89,6,"64"
17,55,"64"
39,20,"64"
39,16,"64"
41,32,"64"
56,38,"64"
88,9,"64"
6,140,"64"
89,15,"64"
82,11,"64"
3,124,"64"
104,8,"64"
20,64,"64"
3,74,"64"
12,55,"64"
30,38,"64"
22,12,"64"
41,38,"64"
81,28,"64"
73,3,"64"
53,43,"64"
10,63,"64"
55,8,"64"
21,63,"64"
80,33,"64"
77,9,"64"
44,40,"64"
4,154,"64"
86,14,"64"
21,68,"64"
11,10,"64"
11,117,"64"
25,9,"64"
67,14,"64"
5,85,"64"
80,37,"64"
10,44,"64"
75,37,"64"
42,53,"64"
25,60,"64"
28,73,"64"
37,77,"64"
19,18,"64"
81,23,"64"
20,102,"64"
6,144,"64"
27,4,"64"
17,63,"64"
35,14,"64"
23,94,"64"
10,46,"64"
37,23,"64"
89,28,"64"
15,43,"64"
27,54,"64"
73,13,"64"
8,40,"64"
34,27,"64"
10,81,"64"
54,50,"64"
9,105,"64"
43,17,"64"
58,20,"64"
62,6,"64"
74,11,"64"
3,166,"64"
10,66,"64"
38,60,"64"
16,46,"64"
26,19,"64"
102,3,"64"
33,15,"64"
26,24,"64"
70,40,"64"
26,226,"64"
67,7,"64"
22,53,"64"
42,50,"64"
25,38,"64"
98,6,"64"
47,36,"64"
22,48,"64"
66,2,"64"
79,46,"64"
19,66,"64"
5,84,"64"
20,26,"64"
42,27,"64"
4,166,"64"
8,70,"64"
38,8,"64"
70,8,"64"
56,76,"64"
9,50,"64"
26,78,"64"
80,34,"64"
11,111,"64"
10,37,"64"
9,32,"64"
7,206,"64"
4,76,"64"
96,9,"64"
7,87,"64"
18,102,"64"
22,22,"64"
27,50,"64"
36,50,"64"
17,94,"64"
22,77,"64"
33,11,"64"
91,5,"64"
50,23,"64"
40,9,"64"
15,82,"64"
26,194,"64"
19,20,"64"
17,56,"64"
21,89,"64"
14,33,"64"
15,38,"64"
27,2,"64"
111,5,"64"
56,96,"64"
70,5,"64"
15,23,"64"
2,244,"64"
24,24,"64"
18,72,"64"
30,8,"64"
12,79,"64"
18,100,"64"
5,43,"64"
36,47,"64"
7,196,"64"
2,277,"64"
100,11,"64"
28,35,"64"
79,42,"64"
26,129,"64"
90,7,"64"
96,8,"64"
35,43,"64"
8,28,"64"
13,1,"64"
34,15,"64"
53,50,"64"
15,4,"64"
11,68,"64"
4,106,"64"
28,41,"64"
4,143,"64"
26,21,"64"
74,47,"64"
84,25,"64"
11,34,"64"
56,26,"64"
5,79,"64"
10,43,"64"
26,54,"64"
89,21,"64"
41,13,"64"
38,28,"64"
8,31,"64"
85,10,"64"
42,40,"64"
7,147,"64"
11,39,"64"
35,18,"64"
34,40,"64"
37,162,"64"
38,18,"64"
87,10,"64"
9,11,"64"
76,14,"64"
50,3,"64"
98,3,"64"
4,165,"64"
8,44,"64"
35,3,"64"
51,11,"64"
33,44,"64"
30,6,"64"
15,6,"64"
34,44,"64"
5,102,"64"
4,144,"64"
67,16,"64"
15,35,"64"
4,147,"64"
75,26,"64"
53,54,"64"
44,26,"64"
70,2,"64"
19,51,"64"
56,69,"64"
5,61,"64"
27,63,"64"
3,50,"64"
105,1,"64"
10,73,"64"
3,82,"64"
21,13,"64"
10,41,"64"
69,9,"64"
37,19,"64"
54,25,"64"
43,27,"64"
19,81,"64"
37,180,"64"
71,22,"64"
2,113,"64"
6,150,"64"
4,50,"64"
25,52,"64"
5,40,"64"
41,14,"64"
27,5,"64"
16,17,"64"
57,24,"64"
21,23,"64"
4,122,"64"
7,153,"64"
28,69,"64"
14,41,"64"
32,3,"64"
54,3,"64"
50,44,"64"
14,10,"64"
55,26,"64"
22,6,"64"
3,131,"64"
51,25,"64"
53,24,"64"
56,60,"64"
6,63,"64"
18,35,"64"
4,164,"64"
7,80,"64"
8,55,"64"
54,5,"64"
40,26,"64"
8,38,"64"
52,40,"64"
50,2,"64"
16,94,"64"
16,40,"64"
24,12,"64"
4,87,"64"
40,61,"64"
3,23,"64"
46,33,"64"
7,170,"64"
40,32,"64"
24,55,"64"
71,16,"64"
36,44,"64"
11,14,"64"
56,63,"64"
2,110,"64"
5,53,"64"
7,63,"64"
90,18,"64"
30,20,"64"
20,120,"64"
41,50,"64"
39,64,"64"
2,149,"64"
37,149,"64"
17,95,"64"
53,44,"64"
72,11,"64"
83,30,"64"
6,74,"64"
4,110,"64"
80,27,"64"
37,28,"64"
28,13,"64"
7,177,"64"
16,56,"64"
44,56,"64"
6,29,"64"
33,41,"64"
54,55,"64"
3,5,"64"
25,29,"64"
68,17,"64"
10,103,"64"
71,1,"64"
17,50,"64"
12,13,"64"
70,32,"64"
2,162,"64"
4,38,"64"
12,78,"64"
43,60,"64"
5,58,"64"
7,65,"64"
20,31,"64"
34,8,"64"
29,38,"64"
6,78,"64"
8,52,"64"
53,58,"64"
85,8,"64"
38,30,"64"
3,95,"64"
43,10,"64"
91,7,"64"
15,45,"64"
44,31,"64"
89,16,"64"
61,13,"64"
17,82,"64"
3,100,"64"
15,50,"64"
24,28,"64"
36,46,"64"
85,5,"64"
22,4,"64"
18,36,"64"
39,54,"64"
64,15,"64"
33,42,"64"
4,175,"64"
44,21,"64"
40,65,"64"
10,33,"64"
28,44,"64"
52,7,"64"
33,61,"64"
102,2,"64"
2,107,"64"
21,40,"64"
79,34,"64"
7,5,"64"
34,53,"64"
21,94,"64"
7,59,"64"
16,51,"64"
19,19,"64"
34,47,"64"
71,28,"64"
15,83,"64"
32,2,"64"
74,46,"64"
46,11,"64"
3,150,"64"
89,25,"64"
6,118,"64"
25,32,"64"
59,15,"64"
74,17,"64"
11,63,"64"
82,10,"64"
37,63,"64"
44,14,"64"
83,31,"64"
19,45,"64"
10,84,"64"
37,147,"64"
20,25,"64"
6,47,"64"
44,49,"64"
9,68,"64"
3,168,"64"
11,85,"64"
78,11,"64"
45,3,"64"
26,137,"64"
8,21,"64"
16,27,"64"
37,4,"64"
74,45,"64"
89,17,"64"
79,40,"64"
19,48,"64"
5,100,"64"
13,20,"64"
58,4,"64"
21,24,"64"
32,26,"64"
54,9,"64"
40,82,"64"
17,42,"64"
35,8,"64"
92,19,"64"
102,6,"64"
54,4,"64"
30,22,"64"
10,6,"64"
38,86,"64"
15,65,"64"
3,70,"64"
32,23,"64"
69,32,"64"
74,12,"64"
14,32,"64"
2,252,"64"
54,24,"64"
51,53,"64"
9,62,"64"
37,14,"64"
10,107,"64"
45,8,"64"
16,45,"64"
21,73,"64"
38,29,"64"
27,56,"64"
7,113,"64"
10,19,"64"
43,23,"64"
5,60,"64"
3,10,"64"
33,12,"64"
80,13,"64"
41,42,"64"
28,45,"64"
21,106,"64"
41,21,"64"
74,29,"64"
3,119,"64"
23,36,"64"
95,8,"64"
52,35,"64"
28,21,"64"
29,24,"64"
24,49,"64"
76,12,"64"
44,38,"64"
34,50,"64"
23,112,"64"
79,17,"64"
40,14,"64"
78,39,"64"
25,46,"64"
12,5,"64"
16,54,"64"
87,11,"64"
7,15,"64"
92,13,"64"
42,26,"64"
105,5,"64"
28,38,"64"
10,21,"64"
54,10,"64"
27,38,"64"
4,26,"64"
74,42,"64"
47,5,"64"
42,36,"64"
3,76,"64"
7,3,"64"
15,1,"64"
25,47,"64"
3,190,"64"
4,30,"64"
10,18,"64"
15,56,"64"
44,44,"64"
21,61,"64"
81,10,"64"
32,28,"64"
19,43,"64"
19,14,"64"
92,9,"64"
10,68,"64"
52,18,"64"
2,105,"64"
7,98,"64"
7,136,"64"
11,62,"64"
3,25,"64"
56,40,"64"
72,26,"64"
18,38,"64"
14,11,"64"
16,55,"64"
39,60,"64"
7,198,"64"
25,58,"64"
20,23,"64"
20,84,"64"
42,10,"64"
63,2,"64"
44,51,"64"
24,8,"64"
8,36,"64"
70,33,"64"
15,93,"64"
34,48,"64"
21,76,"64"
35,29,"64"
8,59,"64"
16,34,"64"
9,78,"64"
63,9,"64"
20,67,"64"
55,1,"64"
54,45,"64"
8,45,"64"
47,12,"64"
20,126,"64"
59,21,"64"
36,24,"64"
27,46,"64"
15,44,"64"
19,75,"64"
3,184,"64"
24,25,"64"
26,10,"64"
4,130,"64"
53,39,"64"
24,34,"64"
87,12,"64"
43,11,"64"
2,120,"64"
32,22,"64"
100,10,"64"
86,2,"64"
52,34,"64"
30,24,"64"
88,8,"64"
14,45,"64"
10,57,"64"
16,118,"64"
26,176,"64"
35,31,"64"
80,24,"64"
7,132,"64"
3,104,"64"
12,2,"64"
12,43,"64"
40,77,"64"
37,158,"64"
87,19,"64"
92,20,"64"
92,18,"64"
4,160,"64"
30,32,"64"
6,11,"64"
16,25,"64"
22,63,"64"
6,156,"64"
26,60,"64"
91,14,"64"
73,16,"64"
41,43,"64"
54,34,"64"
18,85,"64"
36,5,"64"
46,31,"64"
21,26,"64"
15,66,"64"
64,3,"64"
56,39,"64"
16,30,"64"
14,44,"64"
94,6,"64"
88,10,"64"
23,77,"64"
31,10,"64"
62,4,"64"
15,53,"64"
6,86,"64"
54,48,"64"
71,23,"64"
12,11,"64"
68,23,"64"
2,86,"64"
17,105,"64"
40,44,"64"
5,76,"64"
11,53,"64"
8,56,"64"
42,43,"64"
70,3,"64"
54,15,"64"
4,72,"64"
10,59,"63"
56,92,"63"
16,114,"63"
37,60,"63"
7,45,"63"
10,70,"63"
78,22,"63"
37,171,"63"
28,31,"63"
21,92,"63"
81,9,"63"
46,2,"63"
12,73,"63"
30,35,"63"
98,4,"63"
22,17,"63"
25,31,"63"
6,81,"63"
70,6,"63"
2,122,"63"
34,6,"63"
7,178,"63"
3,105,"63"
76,31,"63"
30,56,"63"
36,61,"63"
70,39,"63"
64,7,"63"
45,7,"63"
38,27,"63"
48,5,"63"
28,63,"63"
18,57,"63"
2,99,"63"
90,19,"63"
37,26,"63"
21,59,"63"
24,54,"63"
22,7,"63"
83,21,"63"
7,186,"63"
20,127,"63"
12,61,"63"
5,17,"63"
30,25,"63"
33,16,"63"
67,5,"63"
81,20,"63"
19,91,"63"
69,38,"63"
36,10,"63"
37,167,"63"
10,55,"63"
79,23,"63"
23,90,"63"
43,54,"63"
43,20,"63"
63,10,"63"
10,50,"63"
16,95,"63"
21,9,"63"
15,55,"63"
39,55,"63"
35,24,"63"
85,13,"63"
23,47,"63"
30,40,"63"
69,27,"63"
43,63,"63"
70,10,"63"
20,83,"63"
20,91,"63"
20,66,"63"
17,38,"63"
37,174,"63"
15,29,"63"
44,5,"63"
10,104,"63"
40,33,"63"
40,64,"63"
20,125,"63"
85,6,"63"
72,2,"63"
51,37,"63"
15,81,"63"
33,71,"63"
38,83,"63"
77,15,"63"
3,63,"63"
36,79,"63"
38,82,"63"
77,20,"63"
16,12,"63"
25,39,"63"
20,34,"63"
80,16,"63"
21,82,"63"
4,73,"63"
83,2,"63"
21,52,"63"
23,58,"63"
4,150,"63"
20,118,"63"
40,45,"63"
83,20,"63"
37,101,"63"
53,41,"63"
20,52,"63"
33,32,"63"
84,7,"63"
34,30,"63"
27,92,"63"
6,80,"63"
7,194,"63"
39,11,"63"
56,94,"63"
5,81,"63"
50,27,"63"
80,14,"63"
8,3,"63"
89,22,"63"
21,6,"63"
46,30,"63"
38,77,"63"
12,95,"63"
37,181,"63"
29,51,"63"
20,30,"63"
38,81,"63"
17,41,"63"
40,50,"63"
49,15,"63"
7,35,"63"
26,12,"63"
45,4,"63"
59,13,"63"
74,48,"63"
69,50,"63"
88,7,"63"
3,148,"63"
70,7,"63"
16,86,"63"
77,10,"63"
7,109,"63"
70,44,"63"
78,21,"63"
43,65,"63"
43,49,"63"
68,18,"63"
3,111,"63"
7,135,"63"
9,94,"63"
107,3,"63"
40,27,"63"
37,65,"63"
38,88,"63"
37,175,"63"
28,59,"63"
67,10,"63"
37,76,"63"
16,73,"63"
80,19,"63"
29,19,"63"
101,8,"63"
76,19,"63"
51,28,"63"
7,49,"63"
39,44,"63"
37,33,"63"
69,16,"63"
69,21,"63"
77,21,"63"
26,200,"63"
19,94,"63"
69,24,"63"
32,9,"63"
53,46,"63"
84,11,"63"
87,8,"63"
7,66,"63"
53,26,"63"
26,223,"63"
53,47,"63"
54,29,"63"
49,18,"63"
61,12,"63"
34,22,"63"
61,3,"63"
39,4,"63"
72,10,"63"
37,50,"63"
56,47,"63"
7,61,"63"
21,91,"63"
11,25,"63"
26,100,"63"
18,75,"63"
19,60,"63"
10,40,"63"
4,39,"63"
88,21,"63"
37,176,"63"
52,16,"63"
44,19,"63"
11,123,"63"
29,15,"63"
51,60,"63"
37,25,"63"
29,22,"63"
32,4,"63"
8,51,"63"
82,17,"63"
33,27,"63"
21,56,"63"
38,72,"63"
89,18,"63"
16,61,"63"
37,114,"63"
26,11,"63"
35,40,"63"
9,14,"63"
26,189,"63"
92,17,"63"
81,21,"63"
29,67,"63"
20,55,"63"
19,70,"63"
8,71,"63"
34,21,"63"
78,20,"63"
7,125,"63"
7,126,"63"
25,66,"63"
11,110,"63"
84,15,"63"
26,216,"63"
69,36,"63"
12,14,"63"
37,93,"63"
72,8,"63"
11,59,"63"
3,69,"63"
88,14,"63"
8,74,"63"
40,49,"63"
37,54,"63"
4,70,"63"
79,28,"63"
36,33,"63"
9,127,"63"
20,78,"63"
10,65,"63"
21,70,"63"
74,49,"63"
37,173,"63"
10,74,"63"
7,75,"63"
23,73,"63"
7,81,"63"
2,176,"63"
79,43,"63"
27,15,"63"
6,21,"63"
68,24,"63"
40,71,"63"
24,48,"63"
9,121,"63"
45,16,"63"
7,19,"63"
32,19,"63"
77,31,"63"
31,21,"63"
54,28,"63"
27,75,"63"
22,44,"63"
59,20,"63"
98,2,"63"
5,50,"63"
4,14,"63"
23,80,"63"
3,126,"63"
96,13,"63"
82,14,"63"
23,69,"63"
42,22,"63"
72,9,"63"
22,60,"63"
22,66,"63"
56,93,"63"
44,25,"63"
16,50,"63"
77,27,"63"
3,62,"63"
33,67,"63"
59,3,"63"
79,32,"63"
40,75,"63"
23,114,"63"
20,8,"63"
71,11,"63"
56,27,"63"
17,103,"63"
26,153,"63"
25,16,"63"
5,57,"63"
50,28,"63"
19,95,"63"
52,20,"63"
46,1,"63"
20,122,"63"
11,95,"63"
72,6,"63"
40,36,"63"
29,25,"63"
8,14,"63"
3,149,"63"
76,24,"63"
36,60,"63"
50,4,"63"
29,39,"63"
12,75,"63"
26,63,"63"
15,86,"63"
9,85,"63"
55,13,"63"
89,30,"63"
37,53,"63"
75,28,"63"
44,43,"63"
15,5,"63"
6,155,"63"
35,15,"63"
6,22,"63"
26,205,"63"
30,23,"63"
21,55,"63"
43,75,"63"
75,20,"63"
40,42,"63"
56,72,"63"
15,59,"63"
96,16,"63"
16,31,"63"
44,23,"63"
17,54,"63"
17,22,"63"
47,29,"63"
26,82,"63"
18,89,"63"
43,3,"63"
45,25,"63"
45,2,"63"
36,76,"63"
11,26,"63"
21,77,"63"
61,11,"63"
20,11,"63"
81,5,"63"
16,57,"63"
37,104,"63"
47,10,"63"
7,191,"63"
7,88,"63"
27,43,"63"
17,108,"63"
56,56,"63"
91,12,"63"
80,12,"63"
74,16,"63"
74,36,"63"
40,72,"63"
25,71,"63"
9,15,"63"
17,27,"63"
39,48,"63"
40,29,"63"
10,29,"63"
6,106,"63"
43,24,"63"
20,4,"63"
30,55,"63"
7,166,"63"
88,23,"63"
23,102,"63"
68,20,"63"
56,90,"63"
92,16,"63"
23,88,"63"
78,18,"63"
71,20,"63"
13,34,"63"
101,3,"63"
7,120,"63"
3,174,"63"
104,6,"63"
73,18,"63"
52,12,"63"
33,39,"63"
3,151,"63"
15,67,"63"
26,192,"63"
9,95,"63"
86,5,"63"
23,98,"63"
26,32,"63"
70,23,"63"
28,60,"63"
21,14,"63"
45,20,"63"
59,24,"63"
4,149,"63"
44,46,"63"
7,151,"63"
15,51,"63"
36,53,"63"
49,16,"63"
81,22,"63"
6,84,"63"
43,29,"63"
23,111,"63"
32,20,"63"
41,20,"63"
33,68,"63"
75,6,"63"
7,103,"63"
21,57,"63"
24,14,"63"
9,45,"63"
37,21,"63"
77,12,"63"
26,79,"63"
11,51,"63"
19,15,"63"
10,72,"63"
74,7,"63"
46,22,"63"
30,26,"63"
16,87,"63"
9,116,"63"
36,35,"63"
30,47,"63"
56,44,"63"
12,105,"63"
9,56,"63"
37,91,"63"
12,9,"63"
26,222,"63"
56,20,"63"
17,65,"63"
4,45,"63"
24,50,"63"
80,10,"63"
28,52,"63"
83,8,"63"
79,12,"63"
43,68,"63"
23,15,"63"
85,7,"63"
30,5,"63"
29,35,"63"
23,65,"63"
23,21,"63"
25,44,"63"
33,73,"63"
44,27,"63"
9,89,"63"
43,72,"63"
25,50,"63"
43,1,"63"
36,48,"63"
88,12,"63"
53,33,"63"
21,53,"63"
37,150,"63"
38,55,"63"
14,29,"63"
56,45,"63"
9,23,"63"
42,49,"63"
37,51,"63"
30,57,"63"
75,25,"63"
77,7,"63"
3,120,"63"
11,104,"63"
80,3,"63"
59,16,"63"
56,84,"63"
10,56,"63"
34,25,"63"
58,13,"63"
7,70,"63"
75,40,"63"
27,51,"63"
80,18,"63"
51,42,"63"
56,23,"63"
26,62,"63"
58,5,"63"
77,23,"63"
68,28,"63"
48,23,"63"
35,42,"63"
15,84,"63"
30,21,"63"
7,60,"63"
16,33,"63"
57,18,"63"
17,39,"63"
12,109,"63"
36,32,"63"
29,53,"63"
7,115,"63"
39,19,"63"
96,14,"63"
26,217,"63"
12,34,"63"
43,51,"63"
17,88,"63"
27,85,"63"
28,81,"63"
10,97,"63"
34,41,"63"
19,63,"63"
26,26,"63"
80,41,"63"
42,9,"63"
37,31,"63"
37,168,"63"
64,6,"63"
14,12,"63"
19,40,"63"
16,42,"63"
6,134,"63"
6,102,"63"
78,10,"63"
56,16,"63"
12,97,"63"
29,65,"63"
37,153,"63"
75,31,"63"
33,20,"63"
14,13,"63"
29,20,"63"
11,96,"63"
40,52,"63"
45,15,"63"
11,13,"63"
26,168,"63"
20,71,"63"
71,15,"63"
21,16,"63"
14,2,"63"
55,62,"63"
55,58,"63"
37,182,"63"
2,123,"63"
21,110,"63"
46,18,"63"
37,78,"63"
19,35,"63"
17,21,"63"
43,37,"63"
15,89,"63"
74,33,"63"
20,90,"63"
28,86,"63"
56,64,"63"
30,52,"63"
56,78,"63"
44,59,"63"
66,11,"63"
70,9,"63"
21,36,"63"
75,10,"63"
37,123,"63"
62,1,"63"
52,29,"63"
10,91,"63"
16,85,"63"
7,110,"63"
19,53,"63"
11,11,"63"
56,67,"63"
23,59,"63"
89,13,"63"
36,73,"63"
19,92,"63"
32,25,"63"
34,32,"63"
26,15,"63"
21,20,"63"
40,38,"63"
3,162,"63"
19,84,"63"
6,56,"63"
20,56,"63"
26,215,"63"
71,21,"63"
16,117,"63"
4,170,"63"
56,34,"63"
21,67,"63"
3,48,"63"
3,107,"63"
88,20,"63"
19,44,"63"
36,81,"63"
18,3,"63"
21,60,"63"
37,170,"62"
24,45,"62"
75,3,"62"
72,23,"62"
17,17,"62"
7,90,"62"
78,32,"62"
68,12,"62"
22,68,"62"
26,130,"62"
21,66,"62"
13,40,"62"
70,36,"62"
30,51,"62"
38,50,"62"
83,5,"62"
37,58,"62"
23,33,"62"
44,35,"62"
20,101,"62"
57,26,"62"
37,116,"62"
42,19,"62"
16,60,"62"
44,36,"62"
52,31,"62"
8,20,"62"
76,30,"62"
38,9,"62"
90,9,"62"
17,61,"62"
4,173,"62"
27,12,"62"
25,69,"62"
4,132,"62"
79,9,"62"
15,77,"62"
37,36,"62"
37,37,"62"
96,10,"62"
68,26,"62"
3,32,"62"
53,27,"62"
56,11,"62"
43,85,"62"
74,24,"62"
4,96,"62"
40,79,"62"
52,8,"62"
29,33,"62"
3,98,"62"
37,148,"62"
25,51,"62"
87,4,"62"
42,29,"62"
74,13,"62"
70,11,"62"
19,55,"62"
38,80,"62"
46,25,"62"
51,52,"62"
28,72,"62"
79,27,"62"
68,27,"62"
66,9,"62"
4,161,"62"
77,13,"62"
22,65,"62"
24,16,"62"
83,33,"62"
5,72,"62"
80,39,"62"
12,57,"62"
17,32,"62"
68,5,"62"
20,20,"62"
20,135,"62"
37,115,"62"
38,85,"62"
37,117,"62"
38,49,"62"
29,37,"62"
20,73,"62"
88,26,"62"
21,100,"62"
91,13,"62"
36,74,"62"
15,11,"62"
16,11,"62"
37,27,"62"
16,63,"62"
58,16,"62"
21,4,"62"
89,26,"62"
38,14,"62"
5,86,"62"
39,12,"62"
17,43,"62"
34,4,"62"
21,99,"62"
14,38,"62"
57,17,"62"
51,34,"62"
58,6,"62"
101,10,"62"
36,31,"62"
76,20,"62"
52,41,"62"
52,15,"62"
69,35,"62"
2,39,"62"
24,64,"62"
77,29,"62"
21,97,"62"
30,33,"62"
29,18,"62"
46,16,"62"
10,76,"62"
10,79,"62"
75,32,"62"
33,17,"62"
42,35,"62"
37,100,"62"
56,57,"62"
40,21,"62"
15,33,"62"
72,15,"62"
90,12,"62"
27,64,"62"
4,169,"62"
68,46,"62"
16,64,"62"
16,82,"62"
11,97,"62"
11,121,"62"
37,156,"62"
37,154,"62"
53,21,"62"
16,29,"62"
42,42,"62"
51,40,"62"
68,21,"62"
62,8,"62"
105,2,"62"
37,152,"62"
27,73,"62"
17,89,"62"
19,36,"62"
53,25,"62"
21,111,"62"
20,37,"62"
27,74,"62"
37,61,"62"
90,5,"62"
53,52,"62"
7,119,"62"
6,85,"62"
16,39,"62"
23,118,"62"
52,10,"62"
40,63,"62"
35,9,"62"
35,41,"62"
45,10,"62"
11,94,"62"
83,32,"62"
96,3,"62"
36,15,"62"
16,49,"62"
25,57,"62"
9,39,"62"
37,17,"62"
53,28,"62"
10,60,"62"
33,62,"62"
43,83,"62"
97,2,"62"
80,8,"62"
20,133,"62"
11,64,"62"
75,39,"62"
53,35,"62"
52,42,"62"
35,5,"62"
23,68,"62"
71,4,"62"
37,96,"62"
14,39,"62"
78,7,"62"
26,196,"62"
35,30,"62"
79,31,"62"
14,47,"62"
80,4,"62"
28,47,"62"
36,4,"62"
15,71,"62"
26,97,"62"
16,22,"62"
26,102,"62"
43,42,"62"
3,51,"62"
18,4,"62"
27,55,"62"
40,41,"62"
35,39,"62"
39,35,"62"
84,12,"62"
45,36,"62"
27,84,"62"
69,29,"62"
58,9,"62"
51,44,"62"
29,63,"62"
73,10,"62"
74,19,"62"
29,50,"62"
70,18,"62"
7,34,"62"
38,54,"62"
56,59,"62"
60,6,"62"
26,5,"62"
89,8,"62"
78,29,"62"
26,28,"62"
25,6,"62"
43,9,"62"
30,29,"62"
22,42,"62"
54,7,"62"
28,62,"62"
28,16,"62"
3,58,"62"
38,48,"62"
46,28,"62"
39,32,"62"
11,21,"62"
51,31,"62"
6,49,"62"
6,107,"62"
47,32,"62"
20,70,"62"
9,22,"62"
16,3,"62"
44,53,"62"
75,30,"62"
29,47,"62"
60,3,"62"
30,34,"62"
26,16,"62"
31,29,"62"
7,192,"62"
26,83,"62"
40,67,"62"
24,53,"62"
26,50,"62"
38,87,"62"
53,62,"62"
48,3,"62"
52,32,"62"
54,6,"62"
37,41,"62"
26,220,"62"
26,90,"62"
3,114,"62"
44,2,"62"
75,19,"62"
26,61,"62"
25,40,"62"
26,25,"62"
61,10,"62"
35,44,"62"
40,23,"62"
44,39,"62"
5,104,"62"
3,177,"62"
14,8,"62"
12,74,"62"
3,182,"62"
74,14,"62"
35,6,"62"
74,43,"62"
25,10,"62"
37,179,"62"
26,98,"62"
15,31,"62"
64,17,"62"
16,35,"62"
21,64,"62"
68,22,"62"
6,24,"62"
6,15,"62"
27,86,"62"
23,25,"62"
74,37,"62"
78,37,"62"
4,99,"62"
38,70,"62"
9,27,"62"
15,30,"62"
69,23,"62"
84,13,"62"
52,39,"62"
16,113,"62"
35,36,"62"
71,10,"62"
63,6,"62"
5,65,"62"
78,27,"62"
56,41,"62"
28,65,"62"
43,39,"62"
26,118,"62"
42,8,"62"
39,66,"62"
37,46,"62"
52,33,"62"
2,141,"62"
73,11,"62"
22,57,"62"
52,22,"62"
26,29,"62"
5,70,"62"
28,53,"62"
90,8,"62"
43,34,"62"
63,3,"62"
16,74,"62"
18,92,"62"
74,18,"62"
26,30,"62"
43,21,"62"
11,57,"62"
7,72,"62"
82,12,"62"
55,27,"62"
24,19,"62"
17,87,"62"
44,48,"62"
25,76,"62"
68,43,"62"
26,221,"62"
69,48,"62"
10,17,"62"
7,112,"62"
20,74,"62"
52,19,"62"
53,29,"62"
7,91,"62"
57,8,"62"
22,59,"62"
40,83,"62"
37,98,"62"
33,66,"62"
22,43,"62"
23,37,"62"
23,103,"62"
39,58,"62"
16,109,"62"
7,193,"62"
44,6,"62"
23,24,"62"
64,1,"62"
39,24,"62"
71,17,"62"
31,1,"62"
18,83,"62"
67,21,"62"
16,20,"62"
27,27,"62"
43,50,"62"
54,43,"62"
26,58,"62"
40,48,"62"
5,108,"62"
47,23,"62"
26,80,"62"
11,58,"62"
40,39,"62"
37,52,"62"
11,30,"62"
10,38,"62"
27,26,"62"
21,39,"62"
79,33,"62"
24,17,"62"
12,71,"62"
15,34,"62"
26,51,"62"
15,73,"62"
4,116,"62"
56,74,"62"
69,47,"62"
3,108,"62"
40,58,"62"
46,12,"62"
40,47,"62"
5,120,"62"
37,108,"62"
53,30,"62"
68,14,"62"
20,60,"62"
23,79,"62"
54,46,"62"
15,28,"62"
9,53,"62"
29,55,"62"
18,106,"62"
27,3,"62"
30,36,"62"
3,158,"62"
26,42,"62"
27,58,"62"
10,75,"62"
46,8,"62"
13,32,"62"
4,152,"62"
45,5,"62"
14,40,"62"
28,1,"62"
33,34,"62"
24,52,"62"
54,27,"62"
59,11,"62"
53,31,"62"
25,34,"62"
21,21,"62"
31,7,"62"
4,151,"62"
33,29,"62"
69,3,"62"
10,52,"62"
22,61,"62"
37,64,"62"
78,4,"62"
20,48,"62"
16,107,"62"
7,141,"62"
82,15,"62"
10,8,"62"
83,22,"62"
24,7,"62"
23,22,"62"
11,122,"62"
37,160,"62"
69,39,"62"
20,79,"62"
40,25,"62"
12,103,"62"
54,20,"62"
21,46,"62"
40,34,"62"
40,62,"62"
43,43,"62"
84,10,"62"
8,54,"62"
68,19,"62"
89,24,"62"
39,62,"61"
15,63,"61"
26,49,"61"
26,44,"61"
13,9,"61"
79,19,"61"
10,48,"61"
71,24,"61"
20,24,"61"
51,35,"61"
20,134,"61"
40,69,"61"
7,67,"61"
76,29,"61"
76,26,"61"
46,7,"61"
55,68,"61"
51,36,"61"
20,62,"61"
23,92,"61"
23,46,"61"
5,99,"61"
35,4,"61"
24,59,"61"
10,77,"61"
20,116,"61"
15,37,"61"
30,49,"61"
52,17,"61"
74,32,"61"
31,5,"61"
74,21,"61"
22,71,"61"
82,2,"61"
41,46,"61"
56,80,"61"
77,36,"61"
72,21,"61"
25,26,"61"
45,35,"61"
42,31,"61"
4,52,"61"
78,19,"61"
17,77,"61"
43,87,"61"
76,23,"61"
27,57,"61"
32,6,"61"
55,43,"61"
43,48,"61"
88,19,"61"
21,49,"61"
42,44,"61"
70,24,"61"
30,13,"61"
28,87,"61"
26,55,"61"
70,17,"61"
23,49,"61"
37,95,"61"
75,12,"61"
23,19,"61"
78,5,"61"
26,59,"61"
28,64,"61"
38,78,"61"
38,68,"61"
40,40,"61"
15,74,"61"
11,60,"61"
47,34,"61"
44,33,"61"
39,50,"61"
22,70,"61"
29,42,"61"
74,26,"61"
7,76,"61"
22,76,"61"
48,22,"61"
67,17,"61"
43,66,"61"
27,14,"61"
81,27,"61"
14,51,"61"
69,28,"61"
44,8,"61"
74,44,"61"
5,9,"61"
45,27,"61"
37,44,"61"
40,17,"61"
3,129,"61"
6,117,"61"
11,115,"61"
25,14,"61"
2,242,"61"
29,59,"61"
52,46,"61"
96,11,"61"
17,98,"61"
26,87,"61"
43,78,"61"
31,4,"61"
39,39,"61"
21,45,"61"
45,11,"61"
75,38,"61"
32,1,"61"
28,43,"61"
37,35,"61"
44,9,"61"
43,40,"61"
79,15,"61"
71,8,"61"
82,16,"61"
28,3,"61"
7,121,"61"
38,76,"61"
38,53,"61"
37,16,"61"
43,62,"61"
56,24,"61"
28,37,"61"
44,34,"61"
44,1,"61"
71,9,"61"
37,169,"61"
40,76,"61"
51,43,"61"
80,29,"61"
20,65,"61"
26,8,"61"
23,26,"61"
7,174,"61"
79,21,"61"
101,11,"61"
52,14,"61"
69,34,"61"
74,28,"61"
27,78,"61"
71,27,"61"
76,22,"61"
17,48,"61"
69,40,"61"
23,32,"61"
71,3,"61"
77,16,"61"
21,38,"61"
56,51,"61"
21,75,"61"
68,40,"61"
17,30,"61"
26,46,"61"
51,30,"61"
51,32,"61"
60,9,"61"
54,36,"61"
83,13,"61"
51,38,"61"
15,69,"61"
25,35,"61"
7,173,"61"
51,33,"61"
74,15,"61"
12,16,"61"
3,189,"61"
23,83,"61"
41,18,"61"
23,95,"61"
41,52,"61"
37,138,"61"
44,57,"61"
37,32,"61"
59,4,"61"
29,7,"61"
68,29,"61"
40,35,"61"
26,91,"61"
23,35,"61"
23,28,"61"
83,11,"61"
45,1,"61"
28,70,"61"
3,56,"61"
37,39,"61"
68,32,"61"
20,68,"61"
77,17,"61"
55,52,"61"
10,80,"61"
40,54,"61"
11,32,"61"
46,19,"61"
9,96,"61"
7,197,"61"
7,36,"61"
31,11,"61"
27,13,"61"
85,12,"61"
25,37,"61"
23,31,"61"
72,7,"61"
28,49,"61"
15,70,"61"
69,15,"61"
40,70,"61"
23,84,"61"
4,167,"61"
56,52,"61"
23,16,"61"
39,59,"61"
15,62,"61"
48,19,"61"
23,70,"61"
27,81,"61"
41,45,"61"
33,63,"61"
42,48,"61"
45,6,"61"
26,77,"61"
26,197,"61"
29,52,"61"
50,13,"61"
28,50,"61"
21,62,"61"
44,30,"61"
23,85,"61"
69,10,"61"
52,28,"61"
53,60,"61"
38,40,"61"
37,79,"61"
83,10,"61"
57,9,"61"
37,34,"61"
4,168,"61"
33,47,"61"
75,21,"61"
15,32,"61"
33,2,"61"
78,17,"61"
3,57,"61"
17,99,"61"
27,71,"61"
37,59,"61"
37,97,"61"
26,155,"61"
26,199,"61"
25,41,"61"
37,29,"61"
29,61,"61"
72,5,"61"
67,28,"61"
73,19,"61"
20,49,"61"
74,9,"61"
25,15,"61"
20,35,"61"
37,13,"61"
59,1,"61"
18,87,"61"
74,40,"61"
37,137,"61"
10,20,"61"
44,55,"61"
16,65,"61"
72,25,"61"
77,46,"61"
38,79,"61"
26,36,"61"
24,44,"61"
29,9,"61"
56,54,"61"
26,41,"61"
15,58,"61"
26,81,"61"
27,67,"61"
33,3,"61"
71,25,"61"
55,21,"61"
68,52,"61"
36,16,"61"
40,30,"61"
83,19,"61"
56,32,"61"
10,47,"61"
38,73,"61"
43,25,"61"
20,32,"61"
3,132,"61"
59,17,"61"
15,36,"61"
57,2,"61"
26,27,"61"
40,31,"61"
40,59,"61"
7,123,"61"
29,23,"61"
78,12,"61"
53,51,"61"
29,16,"61"
50,25,"61"
37,151,"61"
23,82,"61"
31,30,"61"
31,25,"61"
52,25,"61"
21,54,"61"
26,187,"61"
79,35,"61"
77,50,"61"
25,36,"61"
68,50,"61"
69,30,"61"
27,79,"61"
40,20,"61"
5,10,"61"
17,96,"61"
16,108,"61"
26,195,"61"
23,30,"61"
37,112,"61"
23,40,"61"
10,102,"61"
77,22,"61"
79,36,"61"
4,138,"61"
68,30,"61"
54,44,"61"
68,15,"61"
4,126,"61"
12,104,"61"
33,54,"61"
27,76,"61"
39,41,"61"
34,29,"61"
38,47,"61"
37,135,"61"
15,68,"61"
79,44,"60"
34,42,"60"
71,6,"60"
59,12,"60"
23,87,"60"
65,9,"60"
7,122,"60"
47,9,"60"
64,4,"60"
29,54,"60"
36,17,"60"
81,25,"60"
26,38,"60"
68,39,"60"
67,13,"60"
22,49,"60"
25,33,"60"
26,85,"60"
22,10,"60"
72,24,"60"
46,23,"60"
30,11,"60"
77,43,"60"
66,7,"60"
39,46,"60"
22,14,"60"
26,166,"60"
29,32,"60"
54,51,"60"
37,69,"60"
44,7,"60"
56,21,"60"
22,64,"60"
26,31,"60"
22,16,"60"
67,24,"60"
42,46,"60"
54,47,"60"
17,10,"60"
29,11,"60"
102,4,"60"
29,68,"60"
24,20,"60"
52,11,"60"
30,58,"60"
40,74,"60"
26,105,"60"
22,50,"60"
56,49,"60"
26,210,"60"
47,28,"60"
74,23,"60"
37,87,"60"
23,81,"60"
57,5,"60"
67,29,"60"
27,68,"60"
40,73,"60"
53,36,"60"
37,38,"60"
16,105,"60"
85,18,"60"
26,206,"60"
37,118,"60"
43,73,"60"
70,14,"60"
26,48,"60"
24,13,"60"
55,57,"60"
28,33,"60"
39,34,"60"
74,41,"60"
70,12,"60"
50,20,"60"
61,7,"60"
37,42,"60"
26,127,"60"
74,25,"60"
38,56,"60"
23,109,"60"
11,33,"60"
16,115,"60"
37,85,"60"
79,22,"60"
10,95,"60"
67,26,"60"
23,78,"60"
35,38,"60"
26,52,"60"
78,28,"60"
26,114,"60"
68,45,"60"
39,25,"60"
69,41,"60"
28,39,"60"
84,22,"60"
25,42,"60"
26,57,"60"
27,53,"60"
28,40,"60"
84,21,"60"
80,9,"60"
53,45,"60"
88,24,"60"
29,28,"60"
23,45,"60"
76,25,"60"
25,11,"60"
21,41,"60"
21,25,"60"
28,74,"60"
26,96,"60"
29,44,"60"
68,33,"60"
37,133,"60"
36,54,"60"
26,45,"60"
63,11,"60"
20,57,"60"
79,37,"60"
37,124,"60"
28,84,"60"
29,62,"60"
69,31,"60"
16,19,"60"
78,15,"60"
68,31,"60"
7,104,"60"
67,23,"60"
19,88,"60"
56,12,"60"
27,70,"60"
26,47,"60"
15,25,"60"
68,34,"60"
43,30,"60"
26,34,"60"
28,2,"60"
26,43,"60"
15,64,"60"
79,45,"60"
52,43,"60"
36,34,"60"
22,69,"60"
5,98,"60"
55,50,"60"
29,31,"60"
61,1,"60"
37,90,"60"
64,12,"60"
10,86,"60"
44,22,"60"
37,178,"60"
84,20,"60"
3,116,"60"
85,21,"60"
85,9,"60"
55,49,"60"
43,14,"60"
33,65,"60"
48,13,"60"
37,110,"60"
61,9,"60"
37,113,"60"
36,64,"60"
15,57,"60"
23,43,"60"
26,209,"60"
23,23,"60"
26,53,"60"
88,18,"60"
40,24,"60"
56,50,"60"
26,183,"60"
37,68,"60"
17,86,"60"
104,5,"60"
30,16,"60"
74,27,"60"
43,6,"60"
96,12,"60"
35,25,"60"
39,52,"60"
55,47,"60"
67,9,"60"
37,86,"60"
83,17,"60"
69,8,"60"
43,82,"60"
46,27,"60"
26,33,"60"
71,12,"60"
67,25,"60"
26,35,"60"
26,171,"60"
41,15,"60"
26,116,"60"
29,34,"60"
68,8,"60"
34,43,"60"
23,105,"60"
37,122,"60"
16,93,"60"
78,8,"60"
15,96,"60"
20,19,"60"
35,26,"60"
70,25,"60"
71,19,"60"
69,52,"60"
65,5,"60"
67,20,"60"
55,53,"60"
42,6,"60"
23,34,"60"
40,53,"60"
23,86,"60"
76,27,"60"
26,88,"60"
58,18,"60"
64,5,"60"
26,156,"60"
64,8,"60"
45,12,"60"
70,38,"60"
69,13,"60"
29,66,"60"
37,128,"60"
24,47,"60"
69,25,"60"
10,69,"60"
37,155,"60"
26,201,"60"
39,14,"60"
85,17,"60"
74,10,"60"
26,17,"60"
3,109,"60"
24,51,"60"
56,53,"60"
26,188,"60"
75,35,"60"
7,161,"60"
54,37,"60"
27,9,"60"
44,52,"60"
76,4,"60"
83,12,"60"
38,65,"60"
26,207,"60"
26,208,"60"
80,35,"60"
37,157,"60"
80,32,"59"
55,55,"59"
48,14,"59"
39,40,"59"
54,23,"59"
37,43,"59"
55,51,"59"
71,5,"59"
26,202,"59"
20,76,"59"
55,36,"59"
26,147,"59"
54,42,"59"
74,20,"59"
26,95,"59"
39,13,"59"
70,41,"59"
30,37,"59"
39,27,"59"
37,74,"59"
70,29,"59"
56,48,"59"
11,4,"59"
45,32,"59"
37,72,"59"
70,42,"59"
37,121,"59"
55,16,"59"
45,31,"59"
26,165,"59"
30,42,"59"
74,53,"59"
26,86,"59"
50,26,"59"
38,74,"59"
71,18,"59"
43,74,"59"
54,35,"59"
39,72,"59"
26,74,"59"
26,103,"59"
85,20,"59"
77,41,"59"
31,9,"59"
43,76,"59"
68,36,"59"
35,16,"59"
38,66,"59"
54,22,"59"
37,73,"59"
26,167,"59"
40,66,"59"
23,39,"59"
69,33,"59"
74,54,"59"
28,36,"59"
26,2,"59"
55,30,"59"
51,51,"59"
24,57,"59"
79,26,"59"
26,136,"59"
89,11,"59"
26,72,"59"
43,7,"59"
37,159,"59"
26,181,"59"
26,172,"59"
69,37,"59"
39,70,"59"
35,7,"59"
26,40,"59"
31,23,"59"
25,56,"59"
68,35,"59"
69,26,"59"
51,46,"59"
77,34,"59"
26,203,"59"
43,47,"59"
23,48,"59"
51,45,"59"
77,18,"59"
30,59,"59"
26,186,"59"
54,18,"59"
26,146,"59"
54,16,"59"
27,77,"59"
35,23,"59"
26,71,"59"
26,173,"59"
46,34,"59"
62,7,"59"
37,129,"59"
85,16,"59"
37,119,"59"
73,15,"59"
40,84,"59"
26,204,"59"
40,22,"59"
84,24,"59"
74,55,"59"
77,14,"59"
30,53,"59"
30,45,"59"
79,41,"59"
85,11,"59"
77,38,"59"
68,47,"59"
26,185,"59"
55,73,"59"
26,99,"59"
37,126,"59"
20,75,"59"
55,38,"59"
28,67,"59"
37,92,"59"
56,68,"59"
68,37,"59"
16,104,"59"
55,74,"59"
37,120,"59"
44,50,"59"
42,4,"59"
40,68,"59"
69,43,"59"
55,61,"59"
37,71,"59"
52,36,"59"
21,108,"59"
37,127,"59"
39,57,"59"
46,32,"59"
26,126,"59"
7,106,"59"
31,26,"59"
35,17,"59"
83,16,"59"
43,46,"59"
15,61,"59"
55,63,"59"
34,38,"59"
23,42,"59"
26,37,"59"
37,66,"59"
85,19,"59"
51,27,"59"
80,36,"59"
72,12,"59"
26,120,"59"
26,70,"59"
23,107,"59"
24,9,"59"
26,39,"59"
55,59,"59"
31,24,"59"
33,64,"59"
68,38,"59"
37,15,"59"
7,162,"59"
37,109,"59"
77,39,"59"
45,22,"59"
37,111,"59"
50,43,"59"
71,2,"59"
38,51,"59"
54,38,"59"
26,125,"58"
26,124,"58"
37,80,"58"
26,163,"58"
23,38,"58"
64,10,"58"
43,64,"58"
26,6,"58"
31,8,"58"
70,30,"58"
26,123,"58"
70,31,"58"
39,37,"58"
70,26,"58"
26,112,"58"
58,15,"58"
55,34,"58"
37,82,"58"
39,26,"58"
39,51,"58"
26,67,"58"
24,42,"58"
26,174,"58"
58,17,"58"
80,42,"58"
26,143,"58"
84,5,"58"
55,18,"58"
26,151,"58"
26,152,"58"
26,170,"58"
26,154,"58"
26,73,"58"
26,150,"58"
26,145,"58"
37,131,"58"
26,9,"58"
78,30,"58"
26,139,"58"
26,142,"58"
26,180,"58"
26,179,"58"
77,47,"58"
79,38,"58"
14,20,"58"
26,133,"58"
26,113,"58"
26,211,"58"
37,136,"58"
77,28,"58"
26,144,"58"
77,24,"58"
26,122,"58"
37,30,"58"
55,45,"58"
82,18,"58"
26,162,"58"
55,40,"58"
41,28,"58"
54,26,"58"
45,33,"58"
26,132,"58"
68,41,"58"
26,169,"58"
77,44,"58"
48,7,"58"
72,20,"58"
26,164,"58"
69,42,"58"
27,69,"58"
24,46,"58"
26,141,"58"
26,159,"58"
36,63,"58"
26,182,"58"
26,69,"58"
26,160,"58"
69,49,"58"
24,56,"58"
55,42,"58"
26,140,"58"
55,23,"58"
26,158,"58"
21,86,"58"
37,134,"58"
37,81,"58"
54,41,"58"
55,32,"58"
26,213,"58"
26,121,"58"
26,178,"58"
26,175,"58"
89,12,"58"
41,27,"58"
26,161,"58"
55,71,"58"
37,132,"58"
26,138,"58"
55,65,"58"
68,7,"58"
26,65,"58"
64,13,"58"
26,177,"58"
67,6,"58"
26,157,"58"
64,18,"58"
67,18,"58"
26,75,"57"
24,18,"57"
79,39,"57"
26,104,"57"
70,28,"57"
26,109,"57"
26,76,"57"
55,75,"57"
26,115,"57"
26,131,"57"
55,77,"57"
26,117,"57"
54,21,"57"
26,106,"57"
70,27,"57"
69,22,"57"
26,107,"57"
26,110,"57"
77,37,"57"
26,68,"57"
54,33,"57"
26,92,"57"
26,66,"57"
55,67,"57"
55,25,"57"
26,134,"57"
26,108,"57"
55,28,"57"
77,19,"57"
29,30,"57"
77,45,"57"
26,93,"57"
26,135,"57"
54,39,"57"
55,69,"57"
46,14,"57"
54,40,"56"
70,35,"56"
45,30,"56"
54,32,"56"
26,191,"56"
26,190,"56"
54,30,"56"
70,34,"56"
77,40,"56"
77,49,"56"
77,42,"56"
